1238;D:\Programming\AP_Lab2\dataset\zebra\0000.jpg;dataset\zebra\0000.jpg;zebra
1239;D:\Programming\AP_Lab2\dataset\zebra\0001.jpg;dataset\zebra\0001.jpg;zebra
1240;D:\Programming\AP_Lab2\dataset\zebra\0002.jpg;dataset\zebra\0002.jpg;zebra
1241;D:\Programming\AP_Lab2\dataset\zebra\0003.jpg;dataset\zebra\0003.jpg;zebra
1242;D:\Programming\AP_Lab2\dataset\zebra\0004.jpg;dataset\zebra\0004.jpg;zebra
1243;D:\Programming\AP_Lab2\dataset\zebra\0005.jpg;dataset\zebra\0005.jpg;zebra
1244;D:\Programming\AP_Lab2\dataset\zebra\0006.jpg;dataset\zebra\0006.jpg;zebra
1245;D:\Programming\AP_Lab2\dataset\zebra\0007.jpg;dataset\zebra\0007.jpg;zebra
1246;D:\Programming\AP_Lab2\dataset\zebra\0008.jpg;dataset\zebra\0008.jpg;zebra
1247;D:\Programming\AP_Lab2\dataset\zebra\0009.jpg;dataset\zebra\0009.jpg;zebra
1248;D:\Programming\AP_Lab2\dataset\zebra\0010.jpg;dataset\zebra\0010.jpg;zebra
1249;D:\Programming\AP_Lab2\dataset\zebra\0011.jpg;dataset\zebra\0011.jpg;zebra
1250;D:\Programming\AP_Lab2\dataset\zebra\0012.jpg;dataset\zebra\0012.jpg;zebra
1251;D:\Programming\AP_Lab2\dataset\zebra\0013.jpg;dataset\zebra\0013.jpg;zebra
1252;D:\Programming\AP_Lab2\dataset\zebra\0014.jpg;dataset\zebra\0014.jpg;zebra
1253;D:\Programming\AP_Lab2\dataset\zebra\0015.jpg;dataset\zebra\0015.jpg;zebra
1254;D:\Programming\AP_Lab2\dataset\zebra\0016.jpg;dataset\zebra\0016.jpg;zebra
1255;D:\Programming\AP_Lab2\dataset\zebra\0017.jpg;dataset\zebra\0017.jpg;zebra
1256;D:\Programming\AP_Lab2\dataset\zebra\0018.jpg;dataset\zebra\0018.jpg;zebra
1257;D:\Programming\AP_Lab2\dataset\zebra\0019.jpg;dataset\zebra\0019.jpg;zebra
1258;D:\Programming\AP_Lab2\dataset\zebra\0020.jpg;dataset\zebra\0020.jpg;zebra
1259;D:\Programming\AP_Lab2\dataset\zebra\0021.jpg;dataset\zebra\0021.jpg;zebra
1260;D:\Programming\AP_Lab2\dataset\zebra\0022.jpg;dataset\zebra\0022.jpg;zebra
1261;D:\Programming\AP_Lab2\dataset\zebra\0023.jpg;dataset\zebra\0023.jpg;zebra
1262;D:\Programming\AP_Lab2\dataset\zebra\0024.jpg;dataset\zebra\0024.jpg;zebra
1263;D:\Programming\AP_Lab2\dataset\zebra\0025.jpg;dataset\zebra\0025.jpg;zebra
1264;D:\Programming\AP_Lab2\dataset\zebra\0026.jpg;dataset\zebra\0026.jpg;zebra
1265;D:\Programming\AP_Lab2\dataset\zebra\0027.jpg;dataset\zebra\0027.jpg;zebra
1266;D:\Programming\AP_Lab2\dataset\zebra\0028.jpg;dataset\zebra\0028.jpg;zebra
1267;D:\Programming\AP_Lab2\dataset\zebra\0029.jpg;dataset\zebra\0029.jpg;zebra
1268;D:\Programming\AP_Lab2\dataset\zebra\0030.jpg;dataset\zebra\0030.jpg;zebra
1269;D:\Programming\AP_Lab2\dataset\zebra\0031.jpg;dataset\zebra\0031.jpg;zebra
1270;D:\Programming\AP_Lab2\dataset\zebra\0032.jpg;dataset\zebra\0032.jpg;zebra
1271;D:\Programming\AP_Lab2\dataset\zebra\0033.jpg;dataset\zebra\0033.jpg;zebra
1272;D:\Programming\AP_Lab2\dataset\zebra\0034.jpg;dataset\zebra\0034.jpg;zebra
1273;D:\Programming\AP_Lab2\dataset\zebra\0035.jpg;dataset\zebra\0035.jpg;zebra
1274;D:\Programming\AP_Lab2\dataset\zebra\0036.jpg;dataset\zebra\0036.jpg;zebra
1275;D:\Programming\AP_Lab2\dataset\zebra\0037.jpg;dataset\zebra\0037.jpg;zebra
1276;D:\Programming\AP_Lab2\dataset\zebra\0038.jpg;dataset\zebra\0038.jpg;zebra
1277;D:\Programming\AP_Lab2\dataset\zebra\0039.jpg;dataset\zebra\0039.jpg;zebra
1278;D:\Programming\AP_Lab2\dataset\zebra\0040.jpg;dataset\zebra\0040.jpg;zebra
1279;D:\Programming\AP_Lab2\dataset\zebra\0041.jpg;dataset\zebra\0041.jpg;zebra
1280;D:\Programming\AP_Lab2\dataset\zebra\0042.jpg;dataset\zebra\0042.jpg;zebra
1281;D:\Programming\AP_Lab2\dataset\zebra\0043.jpg;dataset\zebra\0043.jpg;zebra
1282;D:\Programming\AP_Lab2\dataset\zebra\0044.jpg;dataset\zebra\0044.jpg;zebra
1283;D:\Programming\AP_Lab2\dataset\zebra\0045.jpg;dataset\zebra\0045.jpg;zebra
1284;D:\Programming\AP_Lab2\dataset\zebra\0046.jpg;dataset\zebra\0046.jpg;zebra
1285;D:\Programming\AP_Lab2\dataset\zebra\0047.jpg;dataset\zebra\0047.jpg;zebra
1286;D:\Programming\AP_Lab2\dataset\zebra\0048.jpg;dataset\zebra\0048.jpg;zebra
1287;D:\Programming\AP_Lab2\dataset\zebra\0049.jpg;dataset\zebra\0049.jpg;zebra
1288;D:\Programming\AP_Lab2\dataset\zebra\0050.jpg;dataset\zebra\0050.jpg;zebra
1289;D:\Programming\AP_Lab2\dataset\zebra\0051.jpg;dataset\zebra\0051.jpg;zebra
1290;D:\Programming\AP_Lab2\dataset\zebra\0052.jpg;dataset\zebra\0052.jpg;zebra
1291;D:\Programming\AP_Lab2\dataset\zebra\0053.jpg;dataset\zebra\0053.jpg;zebra
1292;D:\Programming\AP_Lab2\dataset\zebra\0054.jpg;dataset\zebra\0054.jpg;zebra
1293;D:\Programming\AP_Lab2\dataset\zebra\0055.jpg;dataset\zebra\0055.jpg;zebra
1294;D:\Programming\AP_Lab2\dataset\zebra\0056.jpg;dataset\zebra\0056.jpg;zebra
1295;D:\Programming\AP_Lab2\dataset\zebra\0057.jpg;dataset\zebra\0057.jpg;zebra
1296;D:\Programming\AP_Lab2\dataset\zebra\0058.jpg;dataset\zebra\0058.jpg;zebra
1297;D:\Programming\AP_Lab2\dataset\zebra\0059.jpg;dataset\zebra\0059.jpg;zebra
1298;D:\Programming\AP_Lab2\dataset\zebra\0060.jpg;dataset\zebra\0060.jpg;zebra
1299;D:\Programming\AP_Lab2\dataset\zebra\0061.jpg;dataset\zebra\0061.jpg;zebra
1300;D:\Programming\AP_Lab2\dataset\zebra\0062.jpg;dataset\zebra\0062.jpg;zebra
1301;D:\Programming\AP_Lab2\dataset\zebra\0063.jpg;dataset\zebra\0063.jpg;zebra
1302;D:\Programming\AP_Lab2\dataset\zebra\0064.jpg;dataset\zebra\0064.jpg;zebra
1303;D:\Programming\AP_Lab2\dataset\zebra\0065.jpg;dataset\zebra\0065.jpg;zebra
1304;D:\Programming\AP_Lab2\dataset\zebra\0066.jpg;dataset\zebra\0066.jpg;zebra
1305;D:\Programming\AP_Lab2\dataset\zebra\0067.jpg;dataset\zebra\0067.jpg;zebra
1306;D:\Programming\AP_Lab2\dataset\zebra\0068.jpg;dataset\zebra\0068.jpg;zebra
1307;D:\Programming\AP_Lab2\dataset\zebra\0069.jpg;dataset\zebra\0069.jpg;zebra
1308;D:\Programming\AP_Lab2\dataset\zebra\0070.jpg;dataset\zebra\0070.jpg;zebra
1309;D:\Programming\AP_Lab2\dataset\zebra\0071.jpg;dataset\zebra\0071.jpg;zebra
1310;D:\Programming\AP_Lab2\dataset\zebra\0072.jpg;dataset\zebra\0072.jpg;zebra
1311;D:\Programming\AP_Lab2\dataset\zebra\0073.jpg;dataset\zebra\0073.jpg;zebra
1312;D:\Programming\AP_Lab2\dataset\zebra\0074.jpg;dataset\zebra\0074.jpg;zebra
1313;D:\Programming\AP_Lab2\dataset\zebra\0075.jpg;dataset\zebra\0075.jpg;zebra
1314;D:\Programming\AP_Lab2\dataset\zebra\0076.jpg;dataset\zebra\0076.jpg;zebra
1315;D:\Programming\AP_Lab2\dataset\zebra\0077.jpg;dataset\zebra\0077.jpg;zebra
1316;D:\Programming\AP_Lab2\dataset\zebra\0078.jpg;dataset\zebra\0078.jpg;zebra
1317;D:\Programming\AP_Lab2\dataset\zebra\0079.jpg;dataset\zebra\0079.jpg;zebra
1318;D:\Programming\AP_Lab2\dataset\zebra\0080.jpg;dataset\zebra\0080.jpg;zebra
1319;D:\Programming\AP_Lab2\dataset\zebra\0081.jpg;dataset\zebra\0081.jpg;zebra
1320;D:\Programming\AP_Lab2\dataset\zebra\0082.jpg;dataset\zebra\0082.jpg;zebra
1321;D:\Programming\AP_Lab2\dataset\zebra\0083.jpg;dataset\zebra\0083.jpg;zebra
1322;D:\Programming\AP_Lab2\dataset\zebra\0084.jpg;dataset\zebra\0084.jpg;zebra
1323;D:\Programming\AP_Lab2\dataset\zebra\0085.jpg;dataset\zebra\0085.jpg;zebra
1324;D:\Programming\AP_Lab2\dataset\zebra\0086.jpg;dataset\zebra\0086.jpg;zebra
1325;D:\Programming\AP_Lab2\dataset\zebra\0087.jpg;dataset\zebra\0087.jpg;zebra
1326;D:\Programming\AP_Lab2\dataset\zebra\0088.jpg;dataset\zebra\0088.jpg;zebra
1327;D:\Programming\AP_Lab2\dataset\zebra\0089.jpg;dataset\zebra\0089.jpg;zebra
1328;D:\Programming\AP_Lab2\dataset\zebra\0090.jpg;dataset\zebra\0090.jpg;zebra
1329;D:\Programming\AP_Lab2\dataset\zebra\0091.jpg;dataset\zebra\0091.jpg;zebra
1330;D:\Programming\AP_Lab2\dataset\zebra\0092.jpg;dataset\zebra\0092.jpg;zebra
1331;D:\Programming\AP_Lab2\dataset\zebra\0093.jpg;dataset\zebra\0093.jpg;zebra
1332;D:\Programming\AP_Lab2\dataset\zebra\0094.jpg;dataset\zebra\0094.jpg;zebra
1333;D:\Programming\AP_Lab2\dataset\zebra\0095.jpg;dataset\zebra\0095.jpg;zebra
1334;D:\Programming\AP_Lab2\dataset\zebra\0096.jpg;dataset\zebra\0096.jpg;zebra
1335;D:\Programming\AP_Lab2\dataset\zebra\0097.jpg;dataset\zebra\0097.jpg;zebra
1336;D:\Programming\AP_Lab2\dataset\zebra\0098.jpg;dataset\zebra\0098.jpg;zebra
1337;D:\Programming\AP_Lab2\dataset\zebra\0099.jpg;dataset\zebra\0099.jpg;zebra
1338;D:\Programming\AP_Lab2\dataset\zebra\0100.jpg;dataset\zebra\0100.jpg;zebra
1339;D:\Programming\AP_Lab2\dataset\zebra\0101.jpg;dataset\zebra\0101.jpg;zebra
1340;D:\Programming\AP_Lab2\dataset\zebra\0102.jpg;dataset\zebra\0102.jpg;zebra
1341;D:\Programming\AP_Lab2\dataset\zebra\0103.jpg;dataset\zebra\0103.jpg;zebra
1342;D:\Programming\AP_Lab2\dataset\zebra\0104.jpg;dataset\zebra\0104.jpg;zebra
1343;D:\Programming\AP_Lab2\dataset\zebra\0105.jpg;dataset\zebra\0105.jpg;zebra
1344;D:\Programming\AP_Lab2\dataset\zebra\0106.jpg;dataset\zebra\0106.jpg;zebra
1345;D:\Programming\AP_Lab2\dataset\zebra\0107.jpg;dataset\zebra\0107.jpg;zebra
1346;D:\Programming\AP_Lab2\dataset\zebra\0108.jpg;dataset\zebra\0108.jpg;zebra
1347;D:\Programming\AP_Lab2\dataset\zebra\0109.jpg;dataset\zebra\0109.jpg;zebra
1348;D:\Programming\AP_Lab2\dataset\zebra\0110.jpg;dataset\zebra\0110.jpg;zebra
1349;D:\Programming\AP_Lab2\dataset\zebra\0111.jpg;dataset\zebra\0111.jpg;zebra
1350;D:\Programming\AP_Lab2\dataset\zebra\0112.jpg;dataset\zebra\0112.jpg;zebra
1351;D:\Programming\AP_Lab2\dataset\zebra\0113.jpg;dataset\zebra\0113.jpg;zebra
1352;D:\Programming\AP_Lab2\dataset\zebra\0114.jpg;dataset\zebra\0114.jpg;zebra
1353;D:\Programming\AP_Lab2\dataset\zebra\0115.jpg;dataset\zebra\0115.jpg;zebra
1354;D:\Programming\AP_Lab2\dataset\zebra\0116.jpg;dataset\zebra\0116.jpg;zebra
1355;D:\Programming\AP_Lab2\dataset\zebra\0117.jpg;dataset\zebra\0117.jpg;zebra
1356;D:\Programming\AP_Lab2\dataset\zebra\0118.jpg;dataset\zebra\0118.jpg;zebra
1357;D:\Programming\AP_Lab2\dataset\zebra\0119.jpg;dataset\zebra\0119.jpg;zebra
1358;D:\Programming\AP_Lab2\dataset\zebra\0120.jpg;dataset\zebra\0120.jpg;zebra
1359;D:\Programming\AP_Lab2\dataset\zebra\0121.jpg;dataset\zebra\0121.jpg;zebra
1360;D:\Programming\AP_Lab2\dataset\zebra\0122.jpg;dataset\zebra\0122.jpg;zebra
1361;D:\Programming\AP_Lab2\dataset\zebra\0123.jpg;dataset\zebra\0123.jpg;zebra
1362;D:\Programming\AP_Lab2\dataset\zebra\0124.jpg;dataset\zebra\0124.jpg;zebra
1363;D:\Programming\AP_Lab2\dataset\zebra\0125.jpg;dataset\zebra\0125.jpg;zebra
1364;D:\Programming\AP_Lab2\dataset\zebra\0126.jpg;dataset\zebra\0126.jpg;zebra
1365;D:\Programming\AP_Lab2\dataset\zebra\0127.jpg;dataset\zebra\0127.jpg;zebra
1366;D:\Programming\AP_Lab2\dataset\zebra\0128.jpg;dataset\zebra\0128.jpg;zebra
1367;D:\Programming\AP_Lab2\dataset\zebra\0129.jpg;dataset\zebra\0129.jpg;zebra
1368;D:\Programming\AP_Lab2\dataset\zebra\0130.jpg;dataset\zebra\0130.jpg;zebra
1369;D:\Programming\AP_Lab2\dataset\zebra\0131.jpg;dataset\zebra\0131.jpg;zebra
1370;D:\Programming\AP_Lab2\dataset\zebra\0132.jpg;dataset\zebra\0132.jpg;zebra
1371;D:\Programming\AP_Lab2\dataset\zebra\0133.jpg;dataset\zebra\0133.jpg;zebra
1372;D:\Programming\AP_Lab2\dataset\zebra\0134.jpg;dataset\zebra\0134.jpg;zebra
1373;D:\Programming\AP_Lab2\dataset\zebra\0135.jpg;dataset\zebra\0135.jpg;zebra
1374;D:\Programming\AP_Lab2\dataset\zebra\0136.jpg;dataset\zebra\0136.jpg;zebra
1375;D:\Programming\AP_Lab2\dataset\zebra\0137.jpg;dataset\zebra\0137.jpg;zebra
1376;D:\Programming\AP_Lab2\dataset\zebra\0138.jpg;dataset\zebra\0138.jpg;zebra
1377;D:\Programming\AP_Lab2\dataset\zebra\0139.jpg;dataset\zebra\0139.jpg;zebra
1378;D:\Programming\AP_Lab2\dataset\zebra\0140.jpg;dataset\zebra\0140.jpg;zebra
1379;D:\Programming\AP_Lab2\dataset\zebra\0141.jpg;dataset\zebra\0141.jpg;zebra
1380;D:\Programming\AP_Lab2\dataset\zebra\0142.jpg;dataset\zebra\0142.jpg;zebra
1381;D:\Programming\AP_Lab2\dataset\zebra\0143.jpg;dataset\zebra\0143.jpg;zebra
1382;D:\Programming\AP_Lab2\dataset\zebra\0144.jpg;dataset\zebra\0144.jpg;zebra
1383;D:\Programming\AP_Lab2\dataset\zebra\0145.jpg;dataset\zebra\0145.jpg;zebra
1384;D:\Programming\AP_Lab2\dataset\zebra\0146.jpg;dataset\zebra\0146.jpg;zebra
1385;D:\Programming\AP_Lab2\dataset\zebra\0147.jpg;dataset\zebra\0147.jpg;zebra
1386;D:\Programming\AP_Lab2\dataset\zebra\0148.jpg;dataset\zebra\0148.jpg;zebra
1387;D:\Programming\AP_Lab2\dataset\zebra\0149.jpg;dataset\zebra\0149.jpg;zebra
1388;D:\Programming\AP_Lab2\dataset\zebra\0150.jpg;dataset\zebra\0150.jpg;zebra
1389;D:\Programming\AP_Lab2\dataset\zebra\0151.jpg;dataset\zebra\0151.jpg;zebra
1390;D:\Programming\AP_Lab2\dataset\zebra\0152.jpg;dataset\zebra\0152.jpg;zebra
1391;D:\Programming\AP_Lab2\dataset\zebra\0153.jpg;dataset\zebra\0153.jpg;zebra
1392;D:\Programming\AP_Lab2\dataset\zebra\0154.jpg;dataset\zebra\0154.jpg;zebra
1393;D:\Programming\AP_Lab2\dataset\zebra\0155.jpg;dataset\zebra\0155.jpg;zebra
1394;D:\Programming\AP_Lab2\dataset\zebra\0156.jpg;dataset\zebra\0156.jpg;zebra
1395;D:\Programming\AP_Lab2\dataset\zebra\0157.jpg;dataset\zebra\0157.jpg;zebra
1396;D:\Programming\AP_Lab2\dataset\zebra\0158.jpg;dataset\zebra\0158.jpg;zebra
1397;D:\Programming\AP_Lab2\dataset\zebra\0159.jpg;dataset\zebra\0159.jpg;zebra
1398;D:\Programming\AP_Lab2\dataset\zebra\0160.jpg;dataset\zebra\0160.jpg;zebra
1399;D:\Programming\AP_Lab2\dataset\zebra\0161.jpg;dataset\zebra\0161.jpg;zebra
1400;D:\Programming\AP_Lab2\dataset\zebra\0162.jpg;dataset\zebra\0162.jpg;zebra
1401;D:\Programming\AP_Lab2\dataset\zebra\0163.jpg;dataset\zebra\0163.jpg;zebra
1402;D:\Programming\AP_Lab2\dataset\zebra\0164.jpg;dataset\zebra\0164.jpg;zebra
1403;D:\Programming\AP_Lab2\dataset\zebra\0165.jpg;dataset\zebra\0165.jpg;zebra
1404;D:\Programming\AP_Lab2\dataset\zebra\0166.jpg;dataset\zebra\0166.jpg;zebra
1405;D:\Programming\AP_Lab2\dataset\zebra\0167.jpg;dataset\zebra\0167.jpg;zebra
1406;D:\Programming\AP_Lab2\dataset\zebra\0168.jpg;dataset\zebra\0168.jpg;zebra
1407;D:\Programming\AP_Lab2\dataset\zebra\0169.jpg;dataset\zebra\0169.jpg;zebra
1408;D:\Programming\AP_Lab2\dataset\zebra\0170.jpg;dataset\zebra\0170.jpg;zebra
1409;D:\Programming\AP_Lab2\dataset\zebra\0171.jpg;dataset\zebra\0171.jpg;zebra
1410;D:\Programming\AP_Lab2\dataset\zebra\0172.jpg;dataset\zebra\0172.jpg;zebra
1411;D:\Programming\AP_Lab2\dataset\zebra\0173.jpg;dataset\zebra\0173.jpg;zebra
1412;D:\Programming\AP_Lab2\dataset\zebra\0174.jpg;dataset\zebra\0174.jpg;zebra
1413;D:\Programming\AP_Lab2\dataset\zebra\0175.jpg;dataset\zebra\0175.jpg;zebra
1414;D:\Programming\AP_Lab2\dataset\zebra\0176.jpg;dataset\zebra\0176.jpg;zebra
1415;D:\Programming\AP_Lab2\dataset\zebra\0177.jpg;dataset\zebra\0177.jpg;zebra
1416;D:\Programming\AP_Lab2\dataset\zebra\0178.jpg;dataset\zebra\0178.jpg;zebra
1417;D:\Programming\AP_Lab2\dataset\zebra\0179.jpg;dataset\zebra\0179.jpg;zebra
1418;D:\Programming\AP_Lab2\dataset\zebra\0180.jpg;dataset\zebra\0180.jpg;zebra
1419;D:\Programming\AP_Lab2\dataset\zebra\0181.jpg;dataset\zebra\0181.jpg;zebra
1420;D:\Programming\AP_Lab2\dataset\zebra\0182.jpg;dataset\zebra\0182.jpg;zebra
1421;D:\Programming\AP_Lab2\dataset\zebra\0183.jpg;dataset\zebra\0183.jpg;zebra
1422;D:\Programming\AP_Lab2\dataset\zebra\0184.jpg;dataset\zebra\0184.jpg;zebra
1423;D:\Programming\AP_Lab2\dataset\zebra\0185.jpg;dataset\zebra\0185.jpg;zebra
1424;D:\Programming\AP_Lab2\dataset\zebra\0186.jpg;dataset\zebra\0186.jpg;zebra
1425;D:\Programming\AP_Lab2\dataset\zebra\0187.jpg;dataset\zebra\0187.jpg;zebra
1426;D:\Programming\AP_Lab2\dataset\zebra\0188.jpg;dataset\zebra\0188.jpg;zebra
1427;D:\Programming\AP_Lab2\dataset\zebra\0189.jpg;dataset\zebra\0189.jpg;zebra
1428;D:\Programming\AP_Lab2\dataset\zebra\0190.jpg;dataset\zebra\0190.jpg;zebra
1429;D:\Programming\AP_Lab2\dataset\zebra\0191.jpg;dataset\zebra\0191.jpg;zebra
1430;D:\Programming\AP_Lab2\dataset\zebra\0192.jpg;dataset\zebra\0192.jpg;zebra
1431;D:\Programming\AP_Lab2\dataset\zebra\0193.jpg;dataset\zebra\0193.jpg;zebra
1432;D:\Programming\AP_Lab2\dataset\zebra\0194.jpg;dataset\zebra\0194.jpg;zebra
1433;D:\Programming\AP_Lab2\dataset\zebra\0195.jpg;dataset\zebra\0195.jpg;zebra
1434;D:\Programming\AP_Lab2\dataset\zebra\0196.jpg;dataset\zebra\0196.jpg;zebra
1435;D:\Programming\AP_Lab2\dataset\zebra\0197.jpg;dataset\zebra\0197.jpg;zebra
1436;D:\Programming\AP_Lab2\dataset\zebra\0198.jpg;dataset\zebra\0198.jpg;zebra
1437;D:\Programming\AP_Lab2\dataset\zebra\0199.jpg;dataset\zebra\0199.jpg;zebra
1438;D:\Programming\AP_Lab2\dataset\zebra\0200.jpg;dataset\zebra\0200.jpg;zebra
1439;D:\Programming\AP_Lab2\dataset\zebra\0201.jpg;dataset\zebra\0201.jpg;zebra
1440;D:\Programming\AP_Lab2\dataset\zebra\0202.jpg;dataset\zebra\0202.jpg;zebra
1441;D:\Programming\AP_Lab2\dataset\zebra\0203.jpg;dataset\zebra\0203.jpg;zebra
1442;D:\Programming\AP_Lab2\dataset\zebra\0204.jpg;dataset\zebra\0204.jpg;zebra
1443;D:\Programming\AP_Lab2\dataset\zebra\0205.jpg;dataset\zebra\0205.jpg;zebra
1444;D:\Programming\AP_Lab2\dataset\zebra\0206.jpg;dataset\zebra\0206.jpg;zebra
1445;D:\Programming\AP_Lab2\dataset\zebra\0207.jpg;dataset\zebra\0207.jpg;zebra
1446;D:\Programming\AP_Lab2\dataset\zebra\0208.jpg;dataset\zebra\0208.jpg;zebra
1447;D:\Programming\AP_Lab2\dataset\zebra\0209.jpg;dataset\zebra\0209.jpg;zebra
1448;D:\Programming\AP_Lab2\dataset\zebra\0210.jpg;dataset\zebra\0210.jpg;zebra
1449;D:\Programming\AP_Lab2\dataset\zebra\0211.jpg;dataset\zebra\0211.jpg;zebra
1450;D:\Programming\AP_Lab2\dataset\zebra\0212.jpg;dataset\zebra\0212.jpg;zebra
1451;D:\Programming\AP_Lab2\dataset\zebra\0213.jpg;dataset\zebra\0213.jpg;zebra
1452;D:\Programming\AP_Lab2\dataset\zebra\0214.jpg;dataset\zebra\0214.jpg;zebra
1453;D:\Programming\AP_Lab2\dataset\zebra\0215.jpg;dataset\zebra\0215.jpg;zebra
1454;D:\Programming\AP_Lab2\dataset\zebra\0216.jpg;dataset\zebra\0216.jpg;zebra
1455;D:\Programming\AP_Lab2\dataset\zebra\0217.jpg;dataset\zebra\0217.jpg;zebra
1456;D:\Programming\AP_Lab2\dataset\zebra\0218.jpg;dataset\zebra\0218.jpg;zebra
1457;D:\Programming\AP_Lab2\dataset\zebra\0219.jpg;dataset\zebra\0219.jpg;zebra
1458;D:\Programming\AP_Lab2\dataset\zebra\0220.jpg;dataset\zebra\0220.jpg;zebra
1459;D:\Programming\AP_Lab2\dataset\zebra\0221.jpg;dataset\zebra\0221.jpg;zebra
1460;D:\Programming\AP_Lab2\dataset\zebra\0222.jpg;dataset\zebra\0222.jpg;zebra
1461;D:\Programming\AP_Lab2\dataset\zebra\0223.jpg;dataset\zebra\0223.jpg;zebra
1462;D:\Programming\AP_Lab2\dataset\zebra\0224.jpg;dataset\zebra\0224.jpg;zebra
1463;D:\Programming\AP_Lab2\dataset\zebra\0225.jpg;dataset\zebra\0225.jpg;zebra
1464;D:\Programming\AP_Lab2\dataset\zebra\0226.jpg;dataset\zebra\0226.jpg;zebra
1465;D:\Programming\AP_Lab2\dataset\zebra\0227.jpg;dataset\zebra\0227.jpg;zebra
1466;D:\Programming\AP_Lab2\dataset\zebra\0228.jpg;dataset\zebra\0228.jpg;zebra
1467;D:\Programming\AP_Lab2\dataset\zebra\0229.jpg;dataset\zebra\0229.jpg;zebra
1468;D:\Programming\AP_Lab2\dataset\zebra\0230.jpg;dataset\zebra\0230.jpg;zebra
1469;D:\Programming\AP_Lab2\dataset\zebra\0231.jpg;dataset\zebra\0231.jpg;zebra
1470;D:\Programming\AP_Lab2\dataset\zebra\0232.jpg;dataset\zebra\0232.jpg;zebra
1471;D:\Programming\AP_Lab2\dataset\zebra\0233.jpg;dataset\zebra\0233.jpg;zebra
1472;D:\Programming\AP_Lab2\dataset\zebra\0234.jpg;dataset\zebra\0234.jpg;zebra
1473;D:\Programming\AP_Lab2\dataset\zebra\0235.jpg;dataset\zebra\0235.jpg;zebra
1474;D:\Programming\AP_Lab2\dataset\zebra\0236.jpg;dataset\zebra\0236.jpg;zebra
1475;D:\Programming\AP_Lab2\dataset\zebra\0237.jpg;dataset\zebra\0237.jpg;zebra
1476;D:\Programming\AP_Lab2\dataset\zebra\0238.jpg;dataset\zebra\0238.jpg;zebra
1477;D:\Programming\AP_Lab2\dataset\zebra\0239.jpg;dataset\zebra\0239.jpg;zebra
1478;D:\Programming\AP_Lab2\dataset\zebra\0240.jpg;dataset\zebra\0240.jpg;zebra
1479;D:\Programming\AP_Lab2\dataset\zebra\0241.jpg;dataset\zebra\0241.jpg;zebra
1480;D:\Programming\AP_Lab2\dataset\zebra\0242.jpg;dataset\zebra\0242.jpg;zebra
1481;D:\Programming\AP_Lab2\dataset\zebra\0243.jpg;dataset\zebra\0243.jpg;zebra
1482;D:\Programming\AP_Lab2\dataset\zebra\0244.jpg;dataset\zebra\0244.jpg;zebra
1483;D:\Programming\AP_Lab2\dataset\zebra\0245.jpg;dataset\zebra\0245.jpg;zebra
1484;D:\Programming\AP_Lab2\dataset\zebra\0246.jpg;dataset\zebra\0246.jpg;zebra
1485;D:\Programming\AP_Lab2\dataset\zebra\0247.jpg;dataset\zebra\0247.jpg;zebra
1486;D:\Programming\AP_Lab2\dataset\zebra\0248.jpg;dataset\zebra\0248.jpg;zebra
1487;D:\Programming\AP_Lab2\dataset\zebra\0249.jpg;dataset\zebra\0249.jpg;zebra
1488;D:\Programming\AP_Lab2\dataset\zebra\0250.jpg;dataset\zebra\0250.jpg;zebra
1489;D:\Programming\AP_Lab2\dataset\zebra\0251.jpg;dataset\zebra\0251.jpg;zebra
1490;D:\Programming\AP_Lab2\dataset\zebra\0252.jpg;dataset\zebra\0252.jpg;zebra
1491;D:\Programming\AP_Lab2\dataset\zebra\0253.jpg;dataset\zebra\0253.jpg;zebra
1492;D:\Programming\AP_Lab2\dataset\zebra\0254.jpg;dataset\zebra\0254.jpg;zebra
1493;D:\Programming\AP_Lab2\dataset\zebra\0255.jpg;dataset\zebra\0255.jpg;zebra
1494;D:\Programming\AP_Lab2\dataset\zebra\0256.jpg;dataset\zebra\0256.jpg;zebra
1495;D:\Programming\AP_Lab2\dataset\zebra\0257.jpg;dataset\zebra\0257.jpg;zebra
1496;D:\Programming\AP_Lab2\dataset\zebra\0258.jpg;dataset\zebra\0258.jpg;zebra
1497;D:\Programming\AP_Lab2\dataset\zebra\0259.jpg;dataset\zebra\0259.jpg;zebra
1498;D:\Programming\AP_Lab2\dataset\zebra\0260.jpg;dataset\zebra\0260.jpg;zebra
1499;D:\Programming\AP_Lab2\dataset\zebra\0261.jpg;dataset\zebra\0261.jpg;zebra
1500;D:\Programming\AP_Lab2\dataset\zebra\0262.jpg;dataset\zebra\0262.jpg;zebra
1501;D:\Programming\AP_Lab2\dataset\zebra\0263.jpg;dataset\zebra\0263.jpg;zebra
1502;D:\Programming\AP_Lab2\dataset\zebra\0264.jpg;dataset\zebra\0264.jpg;zebra
1503;D:\Programming\AP_Lab2\dataset\zebra\0265.jpg;dataset\zebra\0265.jpg;zebra
1504;D:\Programming\AP_Lab2\dataset\zebra\0266.jpg;dataset\zebra\0266.jpg;zebra
1505;D:\Programming\AP_Lab2\dataset\zebra\0267.jpg;dataset\zebra\0267.jpg;zebra
1506;D:\Programming\AP_Lab2\dataset\zebra\0268.jpg;dataset\zebra\0268.jpg;zebra
1507;D:\Programming\AP_Lab2\dataset\zebra\0269.jpg;dataset\zebra\0269.jpg;zebra
1508;D:\Programming\AP_Lab2\dataset\zebra\0270.jpg;dataset\zebra\0270.jpg;zebra
1509;D:\Programming\AP_Lab2\dataset\zebra\0271.jpg;dataset\zebra\0271.jpg;zebra
1510;D:\Programming\AP_Lab2\dataset\zebra\0272.jpg;dataset\zebra\0272.jpg;zebra
1511;D:\Programming\AP_Lab2\dataset\zebra\0273.jpg;dataset\zebra\0273.jpg;zebra
1512;D:\Programming\AP_Lab2\dataset\zebra\0274.jpg;dataset\zebra\0274.jpg;zebra
1513;D:\Programming\AP_Lab2\dataset\zebra\0275.jpg;dataset\zebra\0275.jpg;zebra
1514;D:\Programming\AP_Lab2\dataset\zebra\0276.jpg;dataset\zebra\0276.jpg;zebra
1515;D:\Programming\AP_Lab2\dataset\zebra\0277.jpg;dataset\zebra\0277.jpg;zebra
1516;D:\Programming\AP_Lab2\dataset\zebra\0278.jpg;dataset\zebra\0278.jpg;zebra
1517;D:\Programming\AP_Lab2\dataset\zebra\0279.jpg;dataset\zebra\0279.jpg;zebra
1518;D:\Programming\AP_Lab2\dataset\zebra\0280.jpg;dataset\zebra\0280.jpg;zebra
1519;D:\Programming\AP_Lab2\dataset\zebra\0281.jpg;dataset\zebra\0281.jpg;zebra
1520;D:\Programming\AP_Lab2\dataset\zebra\0282.jpg;dataset\zebra\0282.jpg;zebra
1521;D:\Programming\AP_Lab2\dataset\zebra\0283.jpg;dataset\zebra\0283.jpg;zebra
1522;D:\Programming\AP_Lab2\dataset\zebra\0284.jpg;dataset\zebra\0284.jpg;zebra
1523;D:\Programming\AP_Lab2\dataset\zebra\0285.jpg;dataset\zebra\0285.jpg;zebra
1524;D:\Programming\AP_Lab2\dataset\zebra\0286.jpg;dataset\zebra\0286.jpg;zebra
1525;D:\Programming\AP_Lab2\dataset\zebra\0287.jpg;dataset\zebra\0287.jpg;zebra
1526;D:\Programming\AP_Lab2\dataset\zebra\0288.jpg;dataset\zebra\0288.jpg;zebra
1527;D:\Programming\AP_Lab2\dataset\zebra\0289.jpg;dataset\zebra\0289.jpg;zebra
1528;D:\Programming\AP_Lab2\dataset\zebra\0290.jpg;dataset\zebra\0290.jpg;zebra
1529;D:\Programming\AP_Lab2\dataset\zebra\0291.jpg;dataset\zebra\0291.jpg;zebra
1530;D:\Programming\AP_Lab2\dataset\zebra\0292.jpg;dataset\zebra\0292.jpg;zebra
1531;D:\Programming\AP_Lab2\dataset\zebra\0293.jpg;dataset\zebra\0293.jpg;zebra
1532;D:\Programming\AP_Lab2\dataset\zebra\0294.jpg;dataset\zebra\0294.jpg;zebra
1533;D:\Programming\AP_Lab2\dataset\zebra\0295.jpg;dataset\zebra\0295.jpg;zebra
1534;D:\Programming\AP_Lab2\dataset\zebra\0296.jpg;dataset\zebra\0296.jpg;zebra
1535;D:\Programming\AP_Lab2\dataset\zebra\0297.jpg;dataset\zebra\0297.jpg;zebra
1536;D:\Programming\AP_Lab2\dataset\zebra\0298.jpg;dataset\zebra\0298.jpg;zebra
1537;D:\Programming\AP_Lab2\dataset\zebra\0299.jpg;dataset\zebra\0299.jpg;zebra
1538;D:\Programming\AP_Lab2\dataset\zebra\0300.jpg;dataset\zebra\0300.jpg;zebra
1539;D:\Programming\AP_Lab2\dataset\zebra\0301.jpg;dataset\zebra\0301.jpg;zebra
1540;D:\Programming\AP_Lab2\dataset\zebra\0302.jpg;dataset\zebra\0302.jpg;zebra
1541;D:\Programming\AP_Lab2\dataset\zebra\0303.jpg;dataset\zebra\0303.jpg;zebra
1542;D:\Programming\AP_Lab2\dataset\zebra\0304.jpg;dataset\zebra\0304.jpg;zebra
1543;D:\Programming\AP_Lab2\dataset\zebra\0305.jpg;dataset\zebra\0305.jpg;zebra
1544;D:\Programming\AP_Lab2\dataset\zebra\0306.jpg;dataset\zebra\0306.jpg;zebra
1545;D:\Programming\AP_Lab2\dataset\zebra\0307.jpg;dataset\zebra\0307.jpg;zebra
1546;D:\Programming\AP_Lab2\dataset\zebra\0308.jpg;dataset\zebra\0308.jpg;zebra
1547;D:\Programming\AP_Lab2\dataset\zebra\0309.jpg;dataset\zebra\0309.jpg;zebra
1548;D:\Programming\AP_Lab2\dataset\zebra\0310.jpg;dataset\zebra\0310.jpg;zebra
1549;D:\Programming\AP_Lab2\dataset\zebra\0311.jpg;dataset\zebra\0311.jpg;zebra
1550;D:\Programming\AP_Lab2\dataset\zebra\0312.jpg;dataset\zebra\0312.jpg;zebra
1551;D:\Programming\AP_Lab2\dataset\zebra\0313.jpg;dataset\zebra\0313.jpg;zebra
1552;D:\Programming\AP_Lab2\dataset\zebra\0314.jpg;dataset\zebra\0314.jpg;zebra
1553;D:\Programming\AP_Lab2\dataset\zebra\0315.jpg;dataset\zebra\0315.jpg;zebra
1554;D:\Programming\AP_Lab2\dataset\zebra\0316.jpg;dataset\zebra\0316.jpg;zebra
1555;D:\Programming\AP_Lab2\dataset\zebra\0317.jpg;dataset\zebra\0317.jpg;zebra
1556;D:\Programming\AP_Lab2\dataset\zebra\0318.jpg;dataset\zebra\0318.jpg;zebra
1557;D:\Programming\AP_Lab2\dataset\zebra\0319.jpg;dataset\zebra\0319.jpg;zebra
1558;D:\Programming\AP_Lab2\dataset\zebra\0320.jpg;dataset\zebra\0320.jpg;zebra
1559;D:\Programming\AP_Lab2\dataset\zebra\0321.jpg;dataset\zebra\0321.jpg;zebra
1560;D:\Programming\AP_Lab2\dataset\zebra\0322.jpg;dataset\zebra\0322.jpg;zebra
1561;D:\Programming\AP_Lab2\dataset\zebra\0323.jpg;dataset\zebra\0323.jpg;zebra
1562;D:\Programming\AP_Lab2\dataset\zebra\0324.jpg;dataset\zebra\0324.jpg;zebra
1563;D:\Programming\AP_Lab2\dataset\zebra\0325.jpg;dataset\zebra\0325.jpg;zebra
1564;D:\Programming\AP_Lab2\dataset\zebra\0326.jpg;dataset\zebra\0326.jpg;zebra
1565;D:\Programming\AP_Lab2\dataset\zebra\0327.jpg;dataset\zebra\0327.jpg;zebra
1566;D:\Programming\AP_Lab2\dataset\zebra\0328.jpg;dataset\zebra\0328.jpg;zebra
1567;D:\Programming\AP_Lab2\dataset\zebra\0329.jpg;dataset\zebra\0329.jpg;zebra
1568;D:\Programming\AP_Lab2\dataset\zebra\0330.jpg;dataset\zebra\0330.jpg;zebra
1569;D:\Programming\AP_Lab2\dataset\zebra\0331.jpg;dataset\zebra\0331.jpg;zebra
1570;D:\Programming\AP_Lab2\dataset\zebra\0332.jpg;dataset\zebra\0332.jpg;zebra
1571;D:\Programming\AP_Lab2\dataset\zebra\0333.jpg;dataset\zebra\0333.jpg;zebra
1572;D:\Programming\AP_Lab2\dataset\zebra\0334.jpg;dataset\zebra\0334.jpg;zebra
1573;D:\Programming\AP_Lab2\dataset\zebra\0335.jpg;dataset\zebra\0335.jpg;zebra
1574;D:\Programming\AP_Lab2\dataset\zebra\0336.jpg;dataset\zebra\0336.jpg;zebra
1575;D:\Programming\AP_Lab2\dataset\zebra\0337.jpg;dataset\zebra\0337.jpg;zebra
1576;D:\Programming\AP_Lab2\dataset\zebra\0338.jpg;dataset\zebra\0338.jpg;zebra
1577;D:\Programming\AP_Lab2\dataset\zebra\0339.jpg;dataset\zebra\0339.jpg;zebra
1578;D:\Programming\AP_Lab2\dataset\zebra\0340.jpg;dataset\zebra\0340.jpg;zebra
1579;D:\Programming\AP_Lab2\dataset\zebra\0341.jpg;dataset\zebra\0341.jpg;zebra
1580;D:\Programming\AP_Lab2\dataset\zebra\0342.jpg;dataset\zebra\0342.jpg;zebra
1581;D:\Programming\AP_Lab2\dataset\zebra\0343.jpg;dataset\zebra\0343.jpg;zebra
1582;D:\Programming\AP_Lab2\dataset\zebra\0344.jpg;dataset\zebra\0344.jpg;zebra
1583;D:\Programming\AP_Lab2\dataset\zebra\0345.jpg;dataset\zebra\0345.jpg;zebra
1584;D:\Programming\AP_Lab2\dataset\zebra\0346.jpg;dataset\zebra\0346.jpg;zebra
1585;D:\Programming\AP_Lab2\dataset\zebra\0347.jpg;dataset\zebra\0347.jpg;zebra
1586;D:\Programming\AP_Lab2\dataset\zebra\0348.jpg;dataset\zebra\0348.jpg;zebra
1587;D:\Programming\AP_Lab2\dataset\zebra\0349.jpg;dataset\zebra\0349.jpg;zebra
1588;D:\Programming\AP_Lab2\dataset\zebra\0350.jpg;dataset\zebra\0350.jpg;zebra
1589;D:\Programming\AP_Lab2\dataset\zebra\0351.jpg;dataset\zebra\0351.jpg;zebra
1590;D:\Programming\AP_Lab2\dataset\zebra\0352.jpg;dataset\zebra\0352.jpg;zebra
1591;D:\Programming\AP_Lab2\dataset\zebra\0353.jpg;dataset\zebra\0353.jpg;zebra
1592;D:\Programming\AP_Lab2\dataset\zebra\0354.jpg;dataset\zebra\0354.jpg;zebra
1593;D:\Programming\AP_Lab2\dataset\zebra\0355.jpg;dataset\zebra\0355.jpg;zebra
1594;D:\Programming\AP_Lab2\dataset\zebra\0356.jpg;dataset\zebra\0356.jpg;zebra
1595;D:\Programming\AP_Lab2\dataset\zebra\0357.jpg;dataset\zebra\0357.jpg;zebra
1596;D:\Programming\AP_Lab2\dataset\zebra\0358.jpg;dataset\zebra\0358.jpg;zebra
1597;D:\Programming\AP_Lab2\dataset\zebra\0359.jpg;dataset\zebra\0359.jpg;zebra
1598;D:\Programming\AP_Lab2\dataset\zebra\0360.jpg;dataset\zebra\0360.jpg;zebra
1599;D:\Programming\AP_Lab2\dataset\zebra\0361.jpg;dataset\zebra\0361.jpg;zebra
1600;D:\Programming\AP_Lab2\dataset\zebra\0362.jpg;dataset\zebra\0362.jpg;zebra
1601;D:\Programming\AP_Lab2\dataset\zebra\0363.jpg;dataset\zebra\0363.jpg;zebra
1602;D:\Programming\AP_Lab2\dataset\zebra\0364.jpg;dataset\zebra\0364.jpg;zebra
1603;D:\Programming\AP_Lab2\dataset\zebra\0365.jpg;dataset\zebra\0365.jpg;zebra
1604;D:\Programming\AP_Lab2\dataset\zebra\0366.jpg;dataset\zebra\0366.jpg;zebra
1605;D:\Programming\AP_Lab2\dataset\zebra\0367.jpg;dataset\zebra\0367.jpg;zebra
1606;D:\Programming\AP_Lab2\dataset\zebra\0368.jpg;dataset\zebra\0368.jpg;zebra
1607;D:\Programming\AP_Lab2\dataset\zebra\0369.jpg;dataset\zebra\0369.jpg;zebra
1608;D:\Programming\AP_Lab2\dataset\zebra\0370.jpg;dataset\zebra\0370.jpg;zebra
1609;D:\Programming\AP_Lab2\dataset\zebra\0371.jpg;dataset\zebra\0371.jpg;zebra
1610;D:\Programming\AP_Lab2\dataset\zebra\0372.jpg;dataset\zebra\0372.jpg;zebra
1611;D:\Programming\AP_Lab2\dataset\zebra\0373.jpg;dataset\zebra\0373.jpg;zebra
1612;D:\Programming\AP_Lab2\dataset\zebra\0374.jpg;dataset\zebra\0374.jpg;zebra
1613;D:\Programming\AP_Lab2\dataset\zebra\0375.jpg;dataset\zebra\0375.jpg;zebra
1614;D:\Programming\AP_Lab2\dataset\zebra\0376.jpg;dataset\zebra\0376.jpg;zebra
1615;D:\Programming\AP_Lab2\dataset\zebra\0377.jpg;dataset\zebra\0377.jpg;zebra
1616;D:\Programming\AP_Lab2\dataset\zebra\0378.jpg;dataset\zebra\0378.jpg;zebra
1617;D:\Programming\AP_Lab2\dataset\zebra\0379.jpg;dataset\zebra\0379.jpg;zebra
1618;D:\Programming\AP_Lab2\dataset\zebra\0380.jpg;dataset\zebra\0380.jpg;zebra
1619;D:\Programming\AP_Lab2\dataset\zebra\0381.jpg;dataset\zebra\0381.jpg;zebra
1620;D:\Programming\AP_Lab2\dataset\zebra\0382.jpg;dataset\zebra\0382.jpg;zebra
1621;D:\Programming\AP_Lab2\dataset\zebra\0383.jpg;dataset\zebra\0383.jpg;zebra
1622;D:\Programming\AP_Lab2\dataset\zebra\0384.jpg;dataset\zebra\0384.jpg;zebra
1623;D:\Programming\AP_Lab2\dataset\zebra\0385.jpg;dataset\zebra\0385.jpg;zebra
1624;D:\Programming\AP_Lab2\dataset\zebra\0386.jpg;dataset\zebra\0386.jpg;zebra
1625;D:\Programming\AP_Lab2\dataset\zebra\0387.jpg;dataset\zebra\0387.jpg;zebra
1626;D:\Programming\AP_Lab2\dataset\zebra\0388.jpg;dataset\zebra\0388.jpg;zebra
1627;D:\Programming\AP_Lab2\dataset\zebra\0389.jpg;dataset\zebra\0389.jpg;zebra
1628;D:\Programming\AP_Lab2\dataset\zebra\0390.jpg;dataset\zebra\0390.jpg;zebra
1629;D:\Programming\AP_Lab2\dataset\zebra\0391.jpg;dataset\zebra\0391.jpg;zebra
1630;D:\Programming\AP_Lab2\dataset\zebra\0392.jpg;dataset\zebra\0392.jpg;zebra
1631;D:\Programming\AP_Lab2\dataset\zebra\0393.jpg;dataset\zebra\0393.jpg;zebra
1632;D:\Programming\AP_Lab2\dataset\zebra\0394.jpg;dataset\zebra\0394.jpg;zebra
1633;D:\Programming\AP_Lab2\dataset\zebra\0395.jpg;dataset\zebra\0395.jpg;zebra
1634;D:\Programming\AP_Lab2\dataset\zebra\0396.jpg;dataset\zebra\0396.jpg;zebra
1635;D:\Programming\AP_Lab2\dataset\zebra\0397.jpg;dataset\zebra\0397.jpg;zebra
1636;D:\Programming\AP_Lab2\dataset\zebra\0398.jpg;dataset\zebra\0398.jpg;zebra
1637;D:\Programming\AP_Lab2\dataset\zebra\0399.jpg;dataset\zebra\0399.jpg;zebra
1638;D:\Programming\AP_Lab2\dataset\zebra\0400.jpg;dataset\zebra\0400.jpg;zebra
1639;D:\Programming\AP_Lab2\dataset\zebra\0401.jpg;dataset\zebra\0401.jpg;zebra
1640;D:\Programming\AP_Lab2\dataset\zebra\0402.jpg;dataset\zebra\0402.jpg;zebra
1641;D:\Programming\AP_Lab2\dataset\zebra\0403.jpg;dataset\zebra\0403.jpg;zebra
1642;D:\Programming\AP_Lab2\dataset\zebra\0404.jpg;dataset\zebra\0404.jpg;zebra
1643;D:\Programming\AP_Lab2\dataset\zebra\0405.jpg;dataset\zebra\0405.jpg;zebra
1644;D:\Programming\AP_Lab2\dataset\zebra\0406.jpg;dataset\zebra\0406.jpg;zebra
1645;D:\Programming\AP_Lab2\dataset\zebra\0407.jpg;dataset\zebra\0407.jpg;zebra
1646;D:\Programming\AP_Lab2\dataset\zebra\0408.jpg;dataset\zebra\0408.jpg;zebra
1647;D:\Programming\AP_Lab2\dataset\zebra\0409.jpg;dataset\zebra\0409.jpg;zebra
1648;D:\Programming\AP_Lab2\dataset\zebra\0410.jpg;dataset\zebra\0410.jpg;zebra
1649;D:\Programming\AP_Lab2\dataset\zebra\0411.jpg;dataset\zebra\0411.jpg;zebra
1650;D:\Programming\AP_Lab2\dataset\zebra\0412.jpg;dataset\zebra\0412.jpg;zebra
1651;D:\Programming\AP_Lab2\dataset\zebra\0413.jpg;dataset\zebra\0413.jpg;zebra
1652;D:\Programming\AP_Lab2\dataset\zebra\0414.jpg;dataset\zebra\0414.jpg;zebra
1653;D:\Programming\AP_Lab2\dataset\zebra\0415.jpg;dataset\zebra\0415.jpg;zebra
1654;D:\Programming\AP_Lab2\dataset\zebra\0416.jpg;dataset\zebra\0416.jpg;zebra
1655;D:\Programming\AP_Lab2\dataset\zebra\0417.jpg;dataset\zebra\0417.jpg;zebra
1656;D:\Programming\AP_Lab2\dataset\zebra\0418.jpg;dataset\zebra\0418.jpg;zebra
1657;D:\Programming\AP_Lab2\dataset\zebra\0419.jpg;dataset\zebra\0419.jpg;zebra
1658;D:\Programming\AP_Lab2\dataset\zebra\0420.jpg;dataset\zebra\0420.jpg;zebra
1659;D:\Programming\AP_Lab2\dataset\zebra\0421.jpg;dataset\zebra\0421.jpg;zebra
1660;D:\Programming\AP_Lab2\dataset\zebra\0422.jpg;dataset\zebra\0422.jpg;zebra
1661;D:\Programming\AP_Lab2\dataset\zebra\0423.jpg;dataset\zebra\0423.jpg;zebra
1662;D:\Programming\AP_Lab2\dataset\zebra\0424.jpg;dataset\zebra\0424.jpg;zebra
1663;D:\Programming\AP_Lab2\dataset\zebra\0425.jpg;dataset\zebra\0425.jpg;zebra
1664;D:\Programming\AP_Lab2\dataset\zebra\0426.jpg;dataset\zebra\0426.jpg;zebra
1665;D:\Programming\AP_Lab2\dataset\zebra\0427.jpg;dataset\zebra\0427.jpg;zebra
1666;D:\Programming\AP_Lab2\dataset\zebra\0428.jpg;dataset\zebra\0428.jpg;zebra
1667;D:\Programming\AP_Lab2\dataset\zebra\0429.jpg;dataset\zebra\0429.jpg;zebra
1668;D:\Programming\AP_Lab2\dataset\zebra\0430.jpg;dataset\zebra\0430.jpg;zebra
1669;D:\Programming\AP_Lab2\dataset\zebra\0431.jpg;dataset\zebra\0431.jpg;zebra
1670;D:\Programming\AP_Lab2\dataset\zebra\0432.jpg;dataset\zebra\0432.jpg;zebra
1671;D:\Programming\AP_Lab2\dataset\zebra\0433.jpg;dataset\zebra\0433.jpg;zebra
1672;D:\Programming\AP_Lab2\dataset\zebra\0434.jpg;dataset\zebra\0434.jpg;zebra
1673;D:\Programming\AP_Lab2\dataset\zebra\0435.jpg;dataset\zebra\0435.jpg;zebra
1674;D:\Programming\AP_Lab2\dataset\zebra\0436.jpg;dataset\zebra\0436.jpg;zebra
1675;D:\Programming\AP_Lab2\dataset\zebra\0437.jpg;dataset\zebra\0437.jpg;zebra
1676;D:\Programming\AP_Lab2\dataset\zebra\0438.jpg;dataset\zebra\0438.jpg;zebra
1677;D:\Programming\AP_Lab2\dataset\zebra\0439.jpg;dataset\zebra\0439.jpg;zebra
1678;D:\Programming\AP_Lab2\dataset\zebra\0440.jpg;dataset\zebra\0440.jpg;zebra
1679;D:\Programming\AP_Lab2\dataset\zebra\0441.jpg;dataset\zebra\0441.jpg;zebra
1680;D:\Programming\AP_Lab2\dataset\zebra\0442.jpg;dataset\zebra\0442.jpg;zebra
1681;D:\Programming\AP_Lab2\dataset\zebra\0443.jpg;dataset\zebra\0443.jpg;zebra
1682;D:\Programming\AP_Lab2\dataset\zebra\0444.jpg;dataset\zebra\0444.jpg;zebra
1683;D:\Programming\AP_Lab2\dataset\zebra\0445.jpg;dataset\zebra\0445.jpg;zebra
1684;D:\Programming\AP_Lab2\dataset\zebra\0446.jpg;dataset\zebra\0446.jpg;zebra
1685;D:\Programming\AP_Lab2\dataset\zebra\0447.jpg;dataset\zebra\0447.jpg;zebra
1686;D:\Programming\AP_Lab2\dataset\zebra\0448.jpg;dataset\zebra\0448.jpg;zebra
1687;D:\Programming\AP_Lab2\dataset\zebra\0449.jpg;dataset\zebra\0449.jpg;zebra
1688;D:\Programming\AP_Lab2\dataset\zebra\0450.jpg;dataset\zebra\0450.jpg;zebra
1689;D:\Programming\AP_Lab2\dataset\zebra\0451.jpg;dataset\zebra\0451.jpg;zebra
1690;D:\Programming\AP_Lab2\dataset\zebra\0452.jpg;dataset\zebra\0452.jpg;zebra
1691;D:\Programming\AP_Lab2\dataset\zebra\0453.jpg;dataset\zebra\0453.jpg;zebra
1692;D:\Programming\AP_Lab2\dataset\zebra\0454.jpg;dataset\zebra\0454.jpg;zebra
1693;D:\Programming\AP_Lab2\dataset\zebra\0455.jpg;dataset\zebra\0455.jpg;zebra
1694;D:\Programming\AP_Lab2\dataset\zebra\0456.jpg;dataset\zebra\0456.jpg;zebra
1695;D:\Programming\AP_Lab2\dataset\zebra\0457.jpg;dataset\zebra\0457.jpg;zebra
1696;D:\Programming\AP_Lab2\dataset\zebra\0458.jpg;dataset\zebra\0458.jpg;zebra
1697;D:\Programming\AP_Lab2\dataset\zebra\0459.jpg;dataset\zebra\0459.jpg;zebra
1698;D:\Programming\AP_Lab2\dataset\zebra\0460.jpg;dataset\zebra\0460.jpg;zebra
1699;D:\Programming\AP_Lab2\dataset\zebra\0461.jpg;dataset\zebra\0461.jpg;zebra
1700;D:\Programming\AP_Lab2\dataset\zebra\0462.jpg;dataset\zebra\0462.jpg;zebra
1701;D:\Programming\AP_Lab2\dataset\zebra\0463.jpg;dataset\zebra\0463.jpg;zebra
1702;D:\Programming\AP_Lab2\dataset\zebra\0464.jpg;dataset\zebra\0464.jpg;zebra
1703;D:\Programming\AP_Lab2\dataset\zebra\0465.jpg;dataset\zebra\0465.jpg;zebra
1704;D:\Programming\AP_Lab2\dataset\zebra\0466.jpg;dataset\zebra\0466.jpg;zebra
1705;D:\Programming\AP_Lab2\dataset\zebra\0467.jpg;dataset\zebra\0467.jpg;zebra
1706;D:\Programming\AP_Lab2\dataset\zebra\0468.jpg;dataset\zebra\0468.jpg;zebra
1707;D:\Programming\AP_Lab2\dataset\zebra\0469.jpg;dataset\zebra\0469.jpg;zebra
1708;D:\Programming\AP_Lab2\dataset\zebra\0470.jpg;dataset\zebra\0470.jpg;zebra
1709;D:\Programming\AP_Lab2\dataset\zebra\0471.jpg;dataset\zebra\0471.jpg;zebra
1710;D:\Programming\AP_Lab2\dataset\zebra\0472.jpg;dataset\zebra\0472.jpg;zebra
1711;D:\Programming\AP_Lab2\dataset\zebra\0473.jpg;dataset\zebra\0473.jpg;zebra
1712;D:\Programming\AP_Lab2\dataset\zebra\0474.jpg;dataset\zebra\0474.jpg;zebra
1713;D:\Programming\AP_Lab2\dataset\zebra\0475.jpg;dataset\zebra\0475.jpg;zebra
1714;D:\Programming\AP_Lab2\dataset\zebra\0476.jpg;dataset\zebra\0476.jpg;zebra
1715;D:\Programming\AP_Lab2\dataset\zebra\0477.jpg;dataset\zebra\0477.jpg;zebra
1716;D:\Programming\AP_Lab2\dataset\zebra\0478.jpg;dataset\zebra\0478.jpg;zebra
1717;D:\Programming\AP_Lab2\dataset\zebra\0479.jpg;dataset\zebra\0479.jpg;zebra
1718;D:\Programming\AP_Lab2\dataset\zebra\0480.jpg;dataset\zebra\0480.jpg;zebra
1719;D:\Programming\AP_Lab2\dataset\zebra\0481.jpg;dataset\zebra\0481.jpg;zebra
1720;D:\Programming\AP_Lab2\dataset\zebra\0482.jpg;dataset\zebra\0482.jpg;zebra
1721;D:\Programming\AP_Lab2\dataset\zebra\0483.jpg;dataset\zebra\0483.jpg;zebra
1722;D:\Programming\AP_Lab2\dataset\zebra\0484.jpg;dataset\zebra\0484.jpg;zebra
1723;D:\Programming\AP_Lab2\dataset\zebra\0485.jpg;dataset\zebra\0485.jpg;zebra
1724;D:\Programming\AP_Lab2\dataset\zebra\0486.jpg;dataset\zebra\0486.jpg;zebra
1725;D:\Programming\AP_Lab2\dataset\zebra\0487.jpg;dataset\zebra\0487.jpg;zebra
1726;D:\Programming\AP_Lab2\dataset\zebra\0488.jpg;dataset\zebra\0488.jpg;zebra
1727;D:\Programming\AP_Lab2\dataset\zebra\0489.jpg;dataset\zebra\0489.jpg;zebra
1728;D:\Programming\AP_Lab2\dataset\zebra\0490.jpg;dataset\zebra\0490.jpg;zebra
1729;D:\Programming\AP_Lab2\dataset\zebra\0491.jpg;dataset\zebra\0491.jpg;zebra
1730;D:\Programming\AP_Lab2\dataset\zebra\0492.jpg;dataset\zebra\0492.jpg;zebra
1731;D:\Programming\AP_Lab2\dataset\zebra\0493.jpg;dataset\zebra\0493.jpg;zebra
1732;D:\Programming\AP_Lab2\dataset\zebra\0494.jpg;dataset\zebra\0494.jpg;zebra
1733;D:\Programming\AP_Lab2\dataset\zebra\0495.jpg;dataset\zebra\0495.jpg;zebra
1734;D:\Programming\AP_Lab2\dataset\zebra\0496.jpg;dataset\zebra\0496.jpg;zebra
1735;D:\Programming\AP_Lab2\dataset\zebra\0497.jpg;dataset\zebra\0497.jpg;zebra
1736;D:\Programming\AP_Lab2\dataset\zebra\0498.jpg;dataset\zebra\0498.jpg;zebra
1737;D:\Programming\AP_Lab2\dataset\zebra\0499.jpg;dataset\zebra\0499.jpg;zebra
1738;D:\Programming\AP_Lab2\dataset\zebra\0500.jpg;dataset\zebra\0500.jpg;zebra
1739;D:\Programming\AP_Lab2\dataset\zebra\0501.jpg;dataset\zebra\0501.jpg;zebra
1740;D:\Programming\AP_Lab2\dataset\zebra\0502.jpg;dataset\zebra\0502.jpg;zebra
1741;D:\Programming\AP_Lab2\dataset\zebra\0503.jpg;dataset\zebra\0503.jpg;zebra
1742;D:\Programming\AP_Lab2\dataset\zebra\0504.jpg;dataset\zebra\0504.jpg;zebra
1743;D:\Programming\AP_Lab2\dataset\zebra\0505.jpg;dataset\zebra\0505.jpg;zebra
1744;D:\Programming\AP_Lab2\dataset\zebra\0506.jpg;dataset\zebra\0506.jpg;zebra
1745;D:\Programming\AP_Lab2\dataset\zebra\0507.jpg;dataset\zebra\0507.jpg;zebra
1746;D:\Programming\AP_Lab2\dataset\zebra\0508.jpg;dataset\zebra\0508.jpg;zebra
1747;D:\Programming\AP_Lab2\dataset\zebra\0509.jpg;dataset\zebra\0509.jpg;zebra
1748;D:\Programming\AP_Lab2\dataset\zebra\0510.jpg;dataset\zebra\0510.jpg;zebra
1749;D:\Programming\AP_Lab2\dataset\zebra\0511.jpg;dataset\zebra\0511.jpg;zebra
1750;D:\Programming\AP_Lab2\dataset\zebra\0512.jpg;dataset\zebra\0512.jpg;zebra
1751;D:\Programming\AP_Lab2\dataset\zebra\0513.jpg;dataset\zebra\0513.jpg;zebra
1752;D:\Programming\AP_Lab2\dataset\zebra\0514.jpg;dataset\zebra\0514.jpg;zebra
1753;D:\Programming\AP_Lab2\dataset\zebra\0515.jpg;dataset\zebra\0515.jpg;zebra
1754;D:\Programming\AP_Lab2\dataset\zebra\0516.jpg;dataset\zebra\0516.jpg;zebra
1755;D:\Programming\AP_Lab2\dataset\zebra\0517.jpg;dataset\zebra\0517.jpg;zebra
1756;D:\Programming\AP_Lab2\dataset\zebra\0518.jpg;dataset\zebra\0518.jpg;zebra
1757;D:\Programming\AP_Lab2\dataset\zebra\0519.jpg;dataset\zebra\0519.jpg;zebra
1758;D:\Programming\AP_Lab2\dataset\zebra\0520.jpg;dataset\zebra\0520.jpg;zebra
1759;D:\Programming\AP_Lab2\dataset\zebra\0521.jpg;dataset\zebra\0521.jpg;zebra
1760;D:\Programming\AP_Lab2\dataset\zebra\0522.jpg;dataset\zebra\0522.jpg;zebra
1761;D:\Programming\AP_Lab2\dataset\zebra\0523.jpg;dataset\zebra\0523.jpg;zebra
1762;D:\Programming\AP_Lab2\dataset\zebra\0524.jpg;dataset\zebra\0524.jpg;zebra
1763;D:\Programming\AP_Lab2\dataset\zebra\0525.jpg;dataset\zebra\0525.jpg;zebra
1764;D:\Programming\AP_Lab2\dataset\zebra\0526.jpg;dataset\zebra\0526.jpg;zebra
1765;D:\Programming\AP_Lab2\dataset\zebra\0527.jpg;dataset\zebra\0527.jpg;zebra
1766;D:\Programming\AP_Lab2\dataset\zebra\0528.jpg;dataset\zebra\0528.jpg;zebra
1767;D:\Programming\AP_Lab2\dataset\zebra\0529.jpg;dataset\zebra\0529.jpg;zebra
1768;D:\Programming\AP_Lab2\dataset\zebra\0530.jpg;dataset\zebra\0530.jpg;zebra
1769;D:\Programming\AP_Lab2\dataset\zebra\0531.jpg;dataset\zebra\0531.jpg;zebra
1770;D:\Programming\AP_Lab2\dataset\zebra\0532.jpg;dataset\zebra\0532.jpg;zebra
1771;D:\Programming\AP_Lab2\dataset\zebra\0533.jpg;dataset\zebra\0533.jpg;zebra
1772;D:\Programming\AP_Lab2\dataset\zebra\0534.jpg;dataset\zebra\0534.jpg;zebra
1773;D:\Programming\AP_Lab2\dataset\zebra\0535.jpg;dataset\zebra\0535.jpg;zebra
1774;D:\Programming\AP_Lab2\dataset\zebra\0536.jpg;dataset\zebra\0536.jpg;zebra
1775;D:\Programming\AP_Lab2\dataset\zebra\0537.jpg;dataset\zebra\0537.jpg;zebra
1776;D:\Programming\AP_Lab2\dataset\zebra\0538.jpg;dataset\zebra\0538.jpg;zebra
1777;D:\Programming\AP_Lab2\dataset\zebra\0539.jpg;dataset\zebra\0539.jpg;zebra
1778;D:\Programming\AP_Lab2\dataset\zebra\0540.jpg;dataset\zebra\0540.jpg;zebra
1779;D:\Programming\AP_Lab2\dataset\zebra\0541.jpg;dataset\zebra\0541.jpg;zebra
1780;D:\Programming\AP_Lab2\dataset\zebra\0542.jpg;dataset\zebra\0542.jpg;zebra
1781;D:\Programming\AP_Lab2\dataset\zebra\0543.jpg;dataset\zebra\0543.jpg;zebra
1782;D:\Programming\AP_Lab2\dataset\zebra\0544.jpg;dataset\zebra\0544.jpg;zebra
1783;D:\Programming\AP_Lab2\dataset\zebra\0545.jpg;dataset\zebra\0545.jpg;zebra
1784;D:\Programming\AP_Lab2\dataset\zebra\0546.jpg;dataset\zebra\0546.jpg;zebra
1785;D:\Programming\AP_Lab2\dataset\zebra\0547.jpg;dataset\zebra\0547.jpg;zebra
1786;D:\Programming\AP_Lab2\dataset\zebra\0548.jpg;dataset\zebra\0548.jpg;zebra
1787;D:\Programming\AP_Lab2\dataset\zebra\0549.jpg;dataset\zebra\0549.jpg;zebra
1788;D:\Programming\AP_Lab2\dataset\zebra\0550.jpg;dataset\zebra\0550.jpg;zebra
1789;D:\Programming\AP_Lab2\dataset\zebra\0551.jpg;dataset\zebra\0551.jpg;zebra
1790;D:\Programming\AP_Lab2\dataset\zebra\0552.jpg;dataset\zebra\0552.jpg;zebra
1791;D:\Programming\AP_Lab2\dataset\zebra\0553.jpg;dataset\zebra\0553.jpg;zebra
1792;D:\Programming\AP_Lab2\dataset\zebra\0554.jpg;dataset\zebra\0554.jpg;zebra
1793;D:\Programming\AP_Lab2\dataset\zebra\0555.jpg;dataset\zebra\0555.jpg;zebra
1794;D:\Programming\AP_Lab2\dataset\zebra\0556.jpg;dataset\zebra\0556.jpg;zebra
1795;D:\Programming\AP_Lab2\dataset\zebra\0557.jpg;dataset\zebra\0557.jpg;zebra
1796;D:\Programming\AP_Lab2\dataset\zebra\0558.jpg;dataset\zebra\0558.jpg;zebra
1797;D:\Programming\AP_Lab2\dataset\zebra\0559.jpg;dataset\zebra\0559.jpg;zebra
1798;D:\Programming\AP_Lab2\dataset\zebra\0560.jpg;dataset\zebra\0560.jpg;zebra
1799;D:\Programming\AP_Lab2\dataset\zebra\0561.jpg;dataset\zebra\0561.jpg;zebra
1800;D:\Programming\AP_Lab2\dataset\zebra\0562.jpg;dataset\zebra\0562.jpg;zebra
1801;D:\Programming\AP_Lab2\dataset\zebra\0563.jpg;dataset\zebra\0563.jpg;zebra
1802;D:\Programming\AP_Lab2\dataset\zebra\0564.jpg;dataset\zebra\0564.jpg;zebra
1803;D:\Programming\AP_Lab2\dataset\zebra\0565.jpg;dataset\zebra\0565.jpg;zebra
1804;D:\Programming\AP_Lab2\dataset\zebra\0566.jpg;dataset\zebra\0566.jpg;zebra
1805;D:\Programming\AP_Lab2\dataset\zebra\0567.jpg;dataset\zebra\0567.jpg;zebra
1806;D:\Programming\AP_Lab2\dataset\zebra\0568.jpg;dataset\zebra\0568.jpg;zebra
1807;D:\Programming\AP_Lab2\dataset\zebra\0569.jpg;dataset\zebra\0569.jpg;zebra
1808;D:\Programming\AP_Lab2\dataset\zebra\0570.jpg;dataset\zebra\0570.jpg;zebra
1809;D:\Programming\AP_Lab2\dataset\zebra\0571.jpg;dataset\zebra\0571.jpg;zebra
1810;D:\Programming\AP_Lab2\dataset\zebra\0572.jpg;dataset\zebra\0572.jpg;zebra
1811;D:\Programming\AP_Lab2\dataset\zebra\0573.jpg;dataset\zebra\0573.jpg;zebra
1812;D:\Programming\AP_Lab2\dataset\zebra\0574.jpg;dataset\zebra\0574.jpg;zebra
1813;D:\Programming\AP_Lab2\dataset\zebra\0575.jpg;dataset\zebra\0575.jpg;zebra
1814;D:\Programming\AP_Lab2\dataset\zebra\0576.jpg;dataset\zebra\0576.jpg;zebra
1815;D:\Programming\AP_Lab2\dataset\zebra\0577.jpg;dataset\zebra\0577.jpg;zebra
1816;D:\Programming\AP_Lab2\dataset\zebra\0578.jpg;dataset\zebra\0578.jpg;zebra
1817;D:\Programming\AP_Lab2\dataset\zebra\0579.jpg;dataset\zebra\0579.jpg;zebra
1818;D:\Programming\AP_Lab2\dataset\zebra\0580.jpg;dataset\zebra\0580.jpg;zebra
1819;D:\Programming\AP_Lab2\dataset\zebra\0581.jpg;dataset\zebra\0581.jpg;zebra
1820;D:\Programming\AP_Lab2\dataset\zebra\0582.jpg;dataset\zebra\0582.jpg;zebra
1821;D:\Programming\AP_Lab2\dataset\zebra\0583.jpg;dataset\zebra\0583.jpg;zebra
1822;D:\Programming\AP_Lab2\dataset\zebra\0584.jpg;dataset\zebra\0584.jpg;zebra
1823;D:\Programming\AP_Lab2\dataset\zebra\0585.jpg;dataset\zebra\0585.jpg;zebra
1824;D:\Programming\AP_Lab2\dataset\zebra\0586.jpg;dataset\zebra\0586.jpg;zebra
1825;D:\Programming\AP_Lab2\dataset\zebra\0587.jpg;dataset\zebra\0587.jpg;zebra
1826;D:\Programming\AP_Lab2\dataset\zebra\0588.jpg;dataset\zebra\0588.jpg;zebra
1827;D:\Programming\AP_Lab2\dataset\zebra\0589.jpg;dataset\zebra\0589.jpg;zebra
1828;D:\Programming\AP_Lab2\dataset\zebra\0590.jpg;dataset\zebra\0590.jpg;zebra
1829;D:\Programming\AP_Lab2\dataset\zebra\0591.jpg;dataset\zebra\0591.jpg;zebra
1830;D:\Programming\AP_Lab2\dataset\zebra\0592.jpg;dataset\zebra\0592.jpg;zebra
1831;D:\Programming\AP_Lab2\dataset\zebra\0593.jpg;dataset\zebra\0593.jpg;zebra
1832;D:\Programming\AP_Lab2\dataset\zebra\0594.jpg;dataset\zebra\0594.jpg;zebra
1833;D:\Programming\AP_Lab2\dataset\zebra\0595.jpg;dataset\zebra\0595.jpg;zebra
1834;D:\Programming\AP_Lab2\dataset\zebra\0596.jpg;dataset\zebra\0596.jpg;zebra
1835;D:\Programming\AP_Lab2\dataset\zebra\0597.jpg;dataset\zebra\0597.jpg;zebra
1836;D:\Programming\AP_Lab2\dataset\zebra\0598.jpg;dataset\zebra\0598.jpg;zebra
1837;D:\Programming\AP_Lab2\dataset\zebra\0599.jpg;dataset\zebra\0599.jpg;zebra
1838;D:\Programming\AP_Lab2\dataset\zebra\0600.jpg;dataset\zebra\0600.jpg;zebra
1839;D:\Programming\AP_Lab2\dataset\zebra\0601.jpg;dataset\zebra\0601.jpg;zebra
1840;D:\Programming\AP_Lab2\dataset\zebra\0602.jpg;dataset\zebra\0602.jpg;zebra
1841;D:\Programming\AP_Lab2\dataset\zebra\0603.jpg;dataset\zebra\0603.jpg;zebra
1842;D:\Programming\AP_Lab2\dataset\zebra\0604.jpg;dataset\zebra\0604.jpg;zebra
1843;D:\Programming\AP_Lab2\dataset\zebra\0605.jpg;dataset\zebra\0605.jpg;zebra
1844;D:\Programming\AP_Lab2\dataset\zebra\0606.jpg;dataset\zebra\0606.jpg;zebra
1845;D:\Programming\AP_Lab2\dataset\zebra\0607.jpg;dataset\zebra\0607.jpg;zebra
1846;D:\Programming\AP_Lab2\dataset\zebra\0608.jpg;dataset\zebra\0608.jpg;zebra
1847;D:\Programming\AP_Lab2\dataset\zebra\0609.jpg;dataset\zebra\0609.jpg;zebra
1848;D:\Programming\AP_Lab2\dataset\zebra\0610.jpg;dataset\zebra\0610.jpg;zebra
1849;D:\Programming\AP_Lab2\dataset\zebra\0611.jpg;dataset\zebra\0611.jpg;zebra
1850;D:\Programming\AP_Lab2\dataset\zebra\0612.jpg;dataset\zebra\0612.jpg;zebra
1851;D:\Programming\AP_Lab2\dataset\zebra\0613.jpg;dataset\zebra\0613.jpg;zebra
1852;D:\Programming\AP_Lab2\dataset\zebra\0614.jpg;dataset\zebra\0614.jpg;zebra
1853;D:\Programming\AP_Lab2\dataset\zebra\0615.jpg;dataset\zebra\0615.jpg;zebra
1854;D:\Programming\AP_Lab2\dataset\zebra\0616.jpg;dataset\zebra\0616.jpg;zebra
1855;D:\Programming\AP_Lab2\dataset\zebra\0617.jpg;dataset\zebra\0617.jpg;zebra
1856;D:\Programming\AP_Lab2\dataset\zebra\0618.jpg;dataset\zebra\0618.jpg;zebra
1857;D:\Programming\AP_Lab2\dataset\zebra\0619.jpg;dataset\zebra\0619.jpg;zebra
1858;D:\Programming\AP_Lab2\dataset\zebra\0620.jpg;dataset\zebra\0620.jpg;zebra
1859;D:\Programming\AP_Lab2\dataset\zebra\0621.jpg;dataset\zebra\0621.jpg;zebra
1860;D:\Programming\AP_Lab2\dataset\zebra\0622.jpg;dataset\zebra\0622.jpg;zebra
1861;D:\Programming\AP_Lab2\dataset\zebra\0623.jpg;dataset\zebra\0623.jpg;zebra
1862;D:\Programming\AP_Lab2\dataset\zebra\0624.jpg;dataset\zebra\0624.jpg;zebra
1863;D:\Programming\AP_Lab2\dataset\zebra\0625.jpg;dataset\zebra\0625.jpg;zebra
1864;D:\Programming\AP_Lab2\dataset\zebra\0626.jpg;dataset\zebra\0626.jpg;zebra
1865;D:\Programming\AP_Lab2\dataset\zebra\0627.jpg;dataset\zebra\0627.jpg;zebra
1866;D:\Programming\AP_Lab2\dataset\zebra\0628.jpg;dataset\zebra\0628.jpg;zebra
1867;D:\Programming\AP_Lab2\dataset\zebra\0629.jpg;dataset\zebra\0629.jpg;zebra
1868;D:\Programming\AP_Lab2\dataset\zebra\0630.jpg;dataset\zebra\0630.jpg;zebra
1869;D:\Programming\AP_Lab2\dataset\zebra\0631.jpg;dataset\zebra\0631.jpg;zebra
1870;D:\Programming\AP_Lab2\dataset\zebra\0632.jpg;dataset\zebra\0632.jpg;zebra
1871;D:\Programming\AP_Lab2\dataset\zebra\0633.jpg;dataset\zebra\0633.jpg;zebra
1872;D:\Programming\AP_Lab2\dataset\zebra\0634.jpg;dataset\zebra\0634.jpg;zebra
1873;D:\Programming\AP_Lab2\dataset\zebra\0635.jpg;dataset\zebra\0635.jpg;zebra
1874;D:\Programming\AP_Lab2\dataset\zebra\0636.jpg;dataset\zebra\0636.jpg;zebra
1875;D:\Programming\AP_Lab2\dataset\zebra\0637.jpg;dataset\zebra\0637.jpg;zebra
1876;D:\Programming\AP_Lab2\dataset\zebra\0638.jpg;dataset\zebra\0638.jpg;zebra
1877;D:\Programming\AP_Lab2\dataset\zebra\0639.jpg;dataset\zebra\0639.jpg;zebra
1878;D:\Programming\AP_Lab2\dataset\zebra\0640.jpg;dataset\zebra\0640.jpg;zebra
1879;D:\Programming\AP_Lab2\dataset\zebra\0641.jpg;dataset\zebra\0641.jpg;zebra
1880;D:\Programming\AP_Lab2\dataset\zebra\0642.jpg;dataset\zebra\0642.jpg;zebra
1881;D:\Programming\AP_Lab2\dataset\zebra\0643.jpg;dataset\zebra\0643.jpg;zebra
1882;D:\Programming\AP_Lab2\dataset\zebra\0644.jpg;dataset\zebra\0644.jpg;zebra
1883;D:\Programming\AP_Lab2\dataset\zebra\0645.jpg;dataset\zebra\0645.jpg;zebra
1884;D:\Programming\AP_Lab2\dataset\zebra\0646.jpg;dataset\zebra\0646.jpg;zebra
1885;D:\Programming\AP_Lab2\dataset\zebra\0647.jpg;dataset\zebra\0647.jpg;zebra
1886;D:\Programming\AP_Lab2\dataset\zebra\0648.jpg;dataset\zebra\0648.jpg;zebra
1887;D:\Programming\AP_Lab2\dataset\zebra\0649.jpg;dataset\zebra\0649.jpg;zebra
1888;D:\Programming\AP_Lab2\dataset\zebra\0650.jpg;dataset\zebra\0650.jpg;zebra
1889;D:\Programming\AP_Lab2\dataset\zebra\0651.jpg;dataset\zebra\0651.jpg;zebra
1890;D:\Programming\AP_Lab2\dataset\zebra\0652.jpg;dataset\zebra\0652.jpg;zebra
1891;D:\Programming\AP_Lab2\dataset\zebra\0653.jpg;dataset\zebra\0653.jpg;zebra
1892;D:\Programming\AP_Lab2\dataset\zebra\0654.jpg;dataset\zebra\0654.jpg;zebra
1893;D:\Programming\AP_Lab2\dataset\zebra\0655.jpg;dataset\zebra\0655.jpg;zebra
1894;D:\Programming\AP_Lab2\dataset\zebra\0656.jpg;dataset\zebra\0656.jpg;zebra
1895;D:\Programming\AP_Lab2\dataset\zebra\0657.jpg;dataset\zebra\0657.jpg;zebra
1896;D:\Programming\AP_Lab2\dataset\zebra\0658.jpg;dataset\zebra\0658.jpg;zebra
1897;D:\Programming\AP_Lab2\dataset\zebra\0659.jpg;dataset\zebra\0659.jpg;zebra
1898;D:\Programming\AP_Lab2\dataset\zebra\0660.jpg;dataset\zebra\0660.jpg;zebra
1899;D:\Programming\AP_Lab2\dataset\zebra\0661.jpg;dataset\zebra\0661.jpg;zebra
1900;D:\Programming\AP_Lab2\dataset\zebra\0662.jpg;dataset\zebra\0662.jpg;zebra
1901;D:\Programming\AP_Lab2\dataset\zebra\0663.jpg;dataset\zebra\0663.jpg;zebra
1902;D:\Programming\AP_Lab2\dataset\zebra\0664.jpg;dataset\zebra\0664.jpg;zebra
1903;D:\Programming\AP_Lab2\dataset\zebra\0665.jpg;dataset\zebra\0665.jpg;zebra
1904;D:\Programming\AP_Lab2\dataset\zebra\0666.jpg;dataset\zebra\0666.jpg;zebra
1905;D:\Programming\AP_Lab2\dataset\zebra\0667.jpg;dataset\zebra\0667.jpg;zebra
1906;D:\Programming\AP_Lab2\dataset\zebra\0668.jpg;dataset\zebra\0668.jpg;zebra
1907;D:\Programming\AP_Lab2\dataset\zebra\0669.jpg;dataset\zebra\0669.jpg;zebra
1908;D:\Programming\AP_Lab2\dataset\zebra\0670.jpg;dataset\zebra\0670.jpg;zebra
1909;D:\Programming\AP_Lab2\dataset\zebra\0671.jpg;dataset\zebra\0671.jpg;zebra
1910;D:\Programming\AP_Lab2\dataset\zebra\0672.jpg;dataset\zebra\0672.jpg;zebra
1911;D:\Programming\AP_Lab2\dataset\zebra\0673.jpg;dataset\zebra\0673.jpg;zebra
1912;D:\Programming\AP_Lab2\dataset\zebra\0674.jpg;dataset\zebra\0674.jpg;zebra
1913;D:\Programming\AP_Lab2\dataset\zebra\0675.jpg;dataset\zebra\0675.jpg;zebra
1914;D:\Programming\AP_Lab2\dataset\zebra\0676.jpg;dataset\zebra\0676.jpg;zebra
1915;D:\Programming\AP_Lab2\dataset\zebra\0677.jpg;dataset\zebra\0677.jpg;zebra
1916;D:\Programming\AP_Lab2\dataset\zebra\0678.jpg;dataset\zebra\0678.jpg;zebra
1917;D:\Programming\AP_Lab2\dataset\zebra\0679.jpg;dataset\zebra\0679.jpg;zebra
1918;D:\Programming\AP_Lab2\dataset\zebra\0680.jpg;dataset\zebra\0680.jpg;zebra
1919;D:\Programming\AP_Lab2\dataset\zebra\0681.jpg;dataset\zebra\0681.jpg;zebra
1920;D:\Programming\AP_Lab2\dataset\zebra\0682.jpg;dataset\zebra\0682.jpg;zebra
1921;D:\Programming\AP_Lab2\dataset\zebra\0683.jpg;dataset\zebra\0683.jpg;zebra
1922;D:\Programming\AP_Lab2\dataset\zebra\0684.jpg;dataset\zebra\0684.jpg;zebra
1923;D:\Programming\AP_Lab2\dataset\zebra\0685.jpg;dataset\zebra\0685.jpg;zebra
1924;D:\Programming\AP_Lab2\dataset\zebra\0686.jpg;dataset\zebra\0686.jpg;zebra
1925;D:\Programming\AP_Lab2\dataset\zebra\0687.jpg;dataset\zebra\0687.jpg;zebra
1926;D:\Programming\AP_Lab2\dataset\zebra\0688.jpg;dataset\zebra\0688.jpg;zebra
1927;D:\Programming\AP_Lab2\dataset\zebra\0689.jpg;dataset\zebra\0689.jpg;zebra
1928;D:\Programming\AP_Lab2\dataset\zebra\0690.jpg;dataset\zebra\0690.jpg;zebra
1929;D:\Programming\AP_Lab2\dataset\zebra\0691.jpg;dataset\zebra\0691.jpg;zebra
1930;D:\Programming\AP_Lab2\dataset\zebra\0692.jpg;dataset\zebra\0692.jpg;zebra
1931;D:\Programming\AP_Lab2\dataset\zebra\0693.jpg;dataset\zebra\0693.jpg;zebra
1932;D:\Programming\AP_Lab2\dataset\zebra\0694.jpg;dataset\zebra\0694.jpg;zebra
1933;D:\Programming\AP_Lab2\dataset\zebra\0695.jpg;dataset\zebra\0695.jpg;zebra
1934;D:\Programming\AP_Lab2\dataset\zebra\0696.jpg;dataset\zebra\0696.jpg;zebra
1935;D:\Programming\AP_Lab2\dataset\zebra\0697.jpg;dataset\zebra\0697.jpg;zebra
1936;D:\Programming\AP_Lab2\dataset\zebra\0698.jpg;dataset\zebra\0698.jpg;zebra
1937;D:\Programming\AP_Lab2\dataset\zebra\0699.jpg;dataset\zebra\0699.jpg;zebra
1938;D:\Programming\AP_Lab2\dataset\zebra\0700.jpg;dataset\zebra\0700.jpg;zebra
1939;D:\Programming\AP_Lab2\dataset\zebra\0701.jpg;dataset\zebra\0701.jpg;zebra
1940;D:\Programming\AP_Lab2\dataset\zebra\0702.jpg;dataset\zebra\0702.jpg;zebra
1941;D:\Programming\AP_Lab2\dataset\zebra\0703.jpg;dataset\zebra\0703.jpg;zebra
1942;D:\Programming\AP_Lab2\dataset\zebra\0704.jpg;dataset\zebra\0704.jpg;zebra
1943;D:\Programming\AP_Lab2\dataset\zebra\0705.jpg;dataset\zebra\0705.jpg;zebra
1944;D:\Programming\AP_Lab2\dataset\zebra\0706.jpg;dataset\zebra\0706.jpg;zebra
1945;D:\Programming\AP_Lab2\dataset\zebra\0707.jpg;dataset\zebra\0707.jpg;zebra
1946;D:\Programming\AP_Lab2\dataset\zebra\0708.jpg;dataset\zebra\0708.jpg;zebra
1947;D:\Programming\AP_Lab2\dataset\zebra\0709.jpg;dataset\zebra\0709.jpg;zebra
1948;D:\Programming\AP_Lab2\dataset\zebra\0710.jpg;dataset\zebra\0710.jpg;zebra
1949;D:\Programming\AP_Lab2\dataset\zebra\0711.jpg;dataset\zebra\0711.jpg;zebra
1950;D:\Programming\AP_Lab2\dataset\zebra\0712.jpg;dataset\zebra\0712.jpg;zebra
1951;D:\Programming\AP_Lab2\dataset\zebra\0713.jpg;dataset\zebra\0713.jpg;zebra
1952;D:\Programming\AP_Lab2\dataset\zebra\0714.jpg;dataset\zebra\0714.jpg;zebra
1953;D:\Programming\AP_Lab2\dataset\zebra\0715.jpg;dataset\zebra\0715.jpg;zebra
1954;D:\Programming\AP_Lab2\dataset\zebra\0716.jpg;dataset\zebra\0716.jpg;zebra
1955;D:\Programming\AP_Lab2\dataset\zebra\0717.jpg;dataset\zebra\0717.jpg;zebra
1956;D:\Programming\AP_Lab2\dataset\zebra\0718.jpg;dataset\zebra\0718.jpg;zebra
1957;D:\Programming\AP_Lab2\dataset\zebra\0719.jpg;dataset\zebra\0719.jpg;zebra
1958;D:\Programming\AP_Lab2\dataset\zebra\0720.jpg;dataset\zebra\0720.jpg;zebra
1959;D:\Programming\AP_Lab2\dataset\zebra\0721.jpg;dataset\zebra\0721.jpg;zebra
1960;D:\Programming\AP_Lab2\dataset\zebra\0722.jpg;dataset\zebra\0722.jpg;zebra
1961;D:\Programming\AP_Lab2\dataset\zebra\0723.jpg;dataset\zebra\0723.jpg;zebra
1962;D:\Programming\AP_Lab2\dataset\zebra\0724.jpg;dataset\zebra\0724.jpg;zebra
1963;D:\Programming\AP_Lab2\dataset\zebra\0725.jpg;dataset\zebra\0725.jpg;zebra
1964;D:\Programming\AP_Lab2\dataset\zebra\0726.jpg;dataset\zebra\0726.jpg;zebra
1965;D:\Programming\AP_Lab2\dataset\zebra\0727.jpg;dataset\zebra\0727.jpg;zebra
1966;D:\Programming\AP_Lab2\dataset\zebra\0728.jpg;dataset\zebra\0728.jpg;zebra
1967;D:\Programming\AP_Lab2\dataset\zebra\0729.jpg;dataset\zebra\0729.jpg;zebra
1968;D:\Programming\AP_Lab2\dataset\zebra\0730.jpg;dataset\zebra\0730.jpg;zebra
1969;D:\Programming\AP_Lab2\dataset\zebra\0731.jpg;dataset\zebra\0731.jpg;zebra
1970;D:\Programming\AP_Lab2\dataset\zebra\0732.jpg;dataset\zebra\0732.jpg;zebra
1971;D:\Programming\AP_Lab2\dataset\zebra\0733.jpg;dataset\zebra\0733.jpg;zebra
1972;D:\Programming\AP_Lab2\dataset\zebra\0734.jpg;dataset\zebra\0734.jpg;zebra
1973;D:\Programming\AP_Lab2\dataset\zebra\0735.jpg;dataset\zebra\0735.jpg;zebra
1974;D:\Programming\AP_Lab2\dataset\zebra\0736.jpg;dataset\zebra\0736.jpg;zebra
1975;D:\Programming\AP_Lab2\dataset\zebra\0737.jpg;dataset\zebra\0737.jpg;zebra
1976;D:\Programming\AP_Lab2\dataset\zebra\0738.jpg;dataset\zebra\0738.jpg;zebra
1977;D:\Programming\AP_Lab2\dataset\zebra\0739.jpg;dataset\zebra\0739.jpg;zebra
1978;D:\Programming\AP_Lab2\dataset\zebra\0740.jpg;dataset\zebra\0740.jpg;zebra
1979;D:\Programming\AP_Lab2\dataset\zebra\0741.jpg;dataset\zebra\0741.jpg;zebra
1980;D:\Programming\AP_Lab2\dataset\zebra\0742.jpg;dataset\zebra\0742.jpg;zebra
1981;D:\Programming\AP_Lab2\dataset\zebra\0743.jpg;dataset\zebra\0743.jpg;zebra
1982;D:\Programming\AP_Lab2\dataset\zebra\0744.jpg;dataset\zebra\0744.jpg;zebra
1983;D:\Programming\AP_Lab2\dataset\zebra\0745.jpg;dataset\zebra\0745.jpg;zebra
1984;D:\Programming\AP_Lab2\dataset\zebra\0746.jpg;dataset\zebra\0746.jpg;zebra
1985;D:\Programming\AP_Lab2\dataset\zebra\0747.jpg;dataset\zebra\0747.jpg;zebra
1986;D:\Programming\AP_Lab2\dataset\zebra\0748.jpg;dataset\zebra\0748.jpg;zebra
1987;D:\Programming\AP_Lab2\dataset\zebra\0749.jpg;dataset\zebra\0749.jpg;zebra
1988;D:\Programming\AP_Lab2\dataset\zebra\0750.jpg;dataset\zebra\0750.jpg;zebra
1989;D:\Programming\AP_Lab2\dataset\zebra\0751.jpg;dataset\zebra\0751.jpg;zebra
1990;D:\Programming\AP_Lab2\dataset\zebra\0752.jpg;dataset\zebra\0752.jpg;zebra
1991;D:\Programming\AP_Lab2\dataset\zebra\0753.jpg;dataset\zebra\0753.jpg;zebra
1992;D:\Programming\AP_Lab2\dataset\zebra\0754.jpg;dataset\zebra\0754.jpg;zebra
1993;D:\Programming\AP_Lab2\dataset\zebra\0755.jpg;dataset\zebra\0755.jpg;zebra
1994;D:\Programming\AP_Lab2\dataset\zebra\0756.jpg;dataset\zebra\0756.jpg;zebra
1995;D:\Programming\AP_Lab2\dataset\zebra\0757.jpg;dataset\zebra\0757.jpg;zebra
1996;D:\Programming\AP_Lab2\dataset\zebra\0758.jpg;dataset\zebra\0758.jpg;zebra
1997;D:\Programming\AP_Lab2\dataset\zebra\0759.jpg;dataset\zebra\0759.jpg;zebra
1998;D:\Programming\AP_Lab2\dataset\zebra\0760.jpg;dataset\zebra\0760.jpg;zebra
1999;D:\Programming\AP_Lab2\dataset\zebra\0761.jpg;dataset\zebra\0761.jpg;zebra
2000;D:\Programming\AP_Lab2\dataset\zebra\0762.jpg;dataset\zebra\0762.jpg;zebra
2001;D:\Programming\AP_Lab2\dataset\zebra\0763.jpg;dataset\zebra\0763.jpg;zebra
2002;D:\Programming\AP_Lab2\dataset\zebra\0764.jpg;dataset\zebra\0764.jpg;zebra
2003;D:\Programming\AP_Lab2\dataset\zebra\0765.jpg;dataset\zebra\0765.jpg;zebra
2004;D:\Programming\AP_Lab2\dataset\zebra\0766.jpg;dataset\zebra\0766.jpg;zebra
2005;D:\Programming\AP_Lab2\dataset\zebra\0767.jpg;dataset\zebra\0767.jpg;zebra
2006;D:\Programming\AP_Lab2\dataset\zebra\0768.jpg;dataset\zebra\0768.jpg;zebra
2007;D:\Programming\AP_Lab2\dataset\zebra\0769.jpg;dataset\zebra\0769.jpg;zebra
2008;D:\Programming\AP_Lab2\dataset\zebra\0770.jpg;dataset\zebra\0770.jpg;zebra
2009;D:\Programming\AP_Lab2\dataset\zebra\0771.jpg;dataset\zebra\0771.jpg;zebra
2010;D:\Programming\AP_Lab2\dataset\zebra\0772.jpg;dataset\zebra\0772.jpg;zebra
2011;D:\Programming\AP_Lab2\dataset\zebra\0773.jpg;dataset\zebra\0773.jpg;zebra
2012;D:\Programming\AP_Lab2\dataset\zebra\0774.jpg;dataset\zebra\0774.jpg;zebra
2013;D:\Programming\AP_Lab2\dataset\zebra\0775.jpg;dataset\zebra\0775.jpg;zebra
2014;D:\Programming\AP_Lab2\dataset\zebra\0776.jpg;dataset\zebra\0776.jpg;zebra
2015;D:\Programming\AP_Lab2\dataset\zebra\0777.jpg;dataset\zebra\0777.jpg;zebra
2016;D:\Programming\AP_Lab2\dataset\zebra\0778.jpg;dataset\zebra\0778.jpg;zebra
2017;D:\Programming\AP_Lab2\dataset\zebra\0779.jpg;dataset\zebra\0779.jpg;zebra
2018;D:\Programming\AP_Lab2\dataset\zebra\0780.jpg;dataset\zebra\0780.jpg;zebra
2019;D:\Programming\AP_Lab2\dataset\zebra\0781.jpg;dataset\zebra\0781.jpg;zebra
2020;D:\Programming\AP_Lab2\dataset\zebra\0782.jpg;dataset\zebra\0782.jpg;zebra
2021;D:\Programming\AP_Lab2\dataset\zebra\0783.jpg;dataset\zebra\0783.jpg;zebra
2022;D:\Programming\AP_Lab2\dataset\zebra\0784.jpg;dataset\zebra\0784.jpg;zebra
2023;D:\Programming\AP_Lab2\dataset\zebra\0785.jpg;dataset\zebra\0785.jpg;zebra
2024;D:\Programming\AP_Lab2\dataset\zebra\0786.jpg;dataset\zebra\0786.jpg;zebra
2025;D:\Programming\AP_Lab2\dataset\zebra\0787.jpg;dataset\zebra\0787.jpg;zebra
2026;D:\Programming\AP_Lab2\dataset\zebra\0788.jpg;dataset\zebra\0788.jpg;zebra
2027;D:\Programming\AP_Lab2\dataset\zebra\0789.jpg;dataset\zebra\0789.jpg;zebra
2028;D:\Programming\AP_Lab2\dataset\zebra\0790.jpg;dataset\zebra\0790.jpg;zebra
2029;D:\Programming\AP_Lab2\dataset\zebra\0791.jpg;dataset\zebra\0791.jpg;zebra
2030;D:\Programming\AP_Lab2\dataset\zebra\0792.jpg;dataset\zebra\0792.jpg;zebra
2031;D:\Programming\AP_Lab2\dataset\zebra\0793.jpg;dataset\zebra\0793.jpg;zebra
2032;D:\Programming\AP_Lab2\dataset\zebra\0794.jpg;dataset\zebra\0794.jpg;zebra
2033;D:\Programming\AP_Lab2\dataset\zebra\0795.jpg;dataset\zebra\0795.jpg;zebra
2034;D:\Programming\AP_Lab2\dataset\zebra\0796.jpg;dataset\zebra\0796.jpg;zebra
2035;D:\Programming\AP_Lab2\dataset\zebra\0797.jpg;dataset\zebra\0797.jpg;zebra
2036;D:\Programming\AP_Lab2\dataset\zebra\0798.jpg;dataset\zebra\0798.jpg;zebra
2037;D:\Programming\AP_Lab2\dataset\zebra\0799.jpg;dataset\zebra\0799.jpg;zebra
2038;D:\Programming\AP_Lab2\dataset\zebra\0800.jpg;dataset\zebra\0800.jpg;zebra
2039;D:\Programming\AP_Lab2\dataset\zebra\0801.jpg;dataset\zebra\0801.jpg;zebra
2040;D:\Programming\AP_Lab2\dataset\zebra\0802.jpg;dataset\zebra\0802.jpg;zebra
2041;D:\Programming\AP_Lab2\dataset\zebra\0803.jpg;dataset\zebra\0803.jpg;zebra
2042;D:\Programming\AP_Lab2\dataset\zebra\0804.jpg;dataset\zebra\0804.jpg;zebra
2043;D:\Programming\AP_Lab2\dataset\zebra\0805.jpg;dataset\zebra\0805.jpg;zebra
2044;D:\Programming\AP_Lab2\dataset\zebra\0806.jpg;dataset\zebra\0806.jpg;zebra
2045;D:\Programming\AP_Lab2\dataset\zebra\0807.jpg;dataset\zebra\0807.jpg;zebra
2046;D:\Programming\AP_Lab2\dataset\zebra\0808.jpg;dataset\zebra\0808.jpg;zebra
2047;D:\Programming\AP_Lab2\dataset\zebra\0809.jpg;dataset\zebra\0809.jpg;zebra
2048;D:\Programming\AP_Lab2\dataset\zebra\0810.jpg;dataset\zebra\0810.jpg;zebra
2049;D:\Programming\AP_Lab2\dataset\zebra\0811.jpg;dataset\zebra\0811.jpg;zebra
2050;D:\Programming\AP_Lab2\dataset\zebra\0812.jpg;dataset\zebra\0812.jpg;zebra
2051;D:\Programming\AP_Lab2\dataset\zebra\0813.jpg;dataset\zebra\0813.jpg;zebra
2052;D:\Programming\AP_Lab2\dataset\zebra\0814.jpg;dataset\zebra\0814.jpg;zebra
2053;D:\Programming\AP_Lab2\dataset\zebra\0815.jpg;dataset\zebra\0815.jpg;zebra
2054;D:\Programming\AP_Lab2\dataset\zebra\0816.jpg;dataset\zebra\0816.jpg;zebra
2055;D:\Programming\AP_Lab2\dataset\zebra\0817.jpg;dataset\zebra\0817.jpg;zebra
2056;D:\Programming\AP_Lab2\dataset\zebra\0818.jpg;dataset\zebra\0818.jpg;zebra
2057;D:\Programming\AP_Lab2\dataset\zebra\0819.jpg;dataset\zebra\0819.jpg;zebra
2058;D:\Programming\AP_Lab2\dataset\zebra\0820.jpg;dataset\zebra\0820.jpg;zebra
2059;D:\Programming\AP_Lab2\dataset\zebra\0821.jpg;dataset\zebra\0821.jpg;zebra
2060;D:\Programming\AP_Lab2\dataset\zebra\0822.jpg;dataset\zebra\0822.jpg;zebra
2061;D:\Programming\AP_Lab2\dataset\zebra\0823.jpg;dataset\zebra\0823.jpg;zebra
2062;D:\Programming\AP_Lab2\dataset\zebra\0824.jpg;dataset\zebra\0824.jpg;zebra
2063;D:\Programming\AP_Lab2\dataset\zebra\0825.jpg;dataset\zebra\0825.jpg;zebra
2064;D:\Programming\AP_Lab2\dataset\zebra\0826.jpg;dataset\zebra\0826.jpg;zebra
2065;D:\Programming\AP_Lab2\dataset\zebra\0827.jpg;dataset\zebra\0827.jpg;zebra
2066;D:\Programming\AP_Lab2\dataset\zebra\0828.jpg;dataset\zebra\0828.jpg;zebra
2067;D:\Programming\AP_Lab2\dataset\zebra\0829.jpg;dataset\zebra\0829.jpg;zebra
2068;D:\Programming\AP_Lab2\dataset\zebra\0830.jpg;dataset\zebra\0830.jpg;zebra
2069;D:\Programming\AP_Lab2\dataset\zebra\0831.jpg;dataset\zebra\0831.jpg;zebra
2070;D:\Programming\AP_Lab2\dataset\zebra\0832.jpg;dataset\zebra\0832.jpg;zebra
2071;D:\Programming\AP_Lab2\dataset\zebra\0833.jpg;dataset\zebra\0833.jpg;zebra
2072;D:\Programming\AP_Lab2\dataset\zebra\0834.jpg;dataset\zebra\0834.jpg;zebra
2073;D:\Programming\AP_Lab2\dataset\zebra\0835.jpg;dataset\zebra\0835.jpg;zebra
2074;D:\Programming\AP_Lab2\dataset\zebra\0836.jpg;dataset\zebra\0836.jpg;zebra
2075;D:\Programming\AP_Lab2\dataset\zebra\0837.jpg;dataset\zebra\0837.jpg;zebra
2076;D:\Programming\AP_Lab2\dataset\zebra\0838.jpg;dataset\zebra\0838.jpg;zebra
2077;D:\Programming\AP_Lab2\dataset\zebra\0839.jpg;dataset\zebra\0839.jpg;zebra
2078;D:\Programming\AP_Lab2\dataset\zebra\0840.jpg;dataset\zebra\0840.jpg;zebra
2079;D:\Programming\AP_Lab2\dataset\zebra\0841.jpg;dataset\zebra\0841.jpg;zebra
2080;D:\Programming\AP_Lab2\dataset\zebra\0842.jpg;dataset\zebra\0842.jpg;zebra
2081;D:\Programming\AP_Lab2\dataset\zebra\0843.jpg;dataset\zebra\0843.jpg;zebra
2082;D:\Programming\AP_Lab2\dataset\zebra\0844.jpg;dataset\zebra\0844.jpg;zebra
2083;D:\Programming\AP_Lab2\dataset\zebra\0845.jpg;dataset\zebra\0845.jpg;zebra
2084;D:\Programming\AP_Lab2\dataset\zebra\0846.jpg;dataset\zebra\0846.jpg;zebra
2085;D:\Programming\AP_Lab2\dataset\zebra\0847.jpg;dataset\zebra\0847.jpg;zebra
2086;D:\Programming\AP_Lab2\dataset\zebra\0848.jpg;dataset\zebra\0848.jpg;zebra
2087;D:\Programming\AP_Lab2\dataset\zebra\0849.jpg;dataset\zebra\0849.jpg;zebra
2088;D:\Programming\AP_Lab2\dataset\zebra\0850.jpg;dataset\zebra\0850.jpg;zebra
2089;D:\Programming\AP_Lab2\dataset\zebra\0851.jpg;dataset\zebra\0851.jpg;zebra
2090;D:\Programming\AP_Lab2\dataset\zebra\0852.jpg;dataset\zebra\0852.jpg;zebra
2091;D:\Programming\AP_Lab2\dataset\zebra\0853.jpg;dataset\zebra\0853.jpg;zebra
2092;D:\Programming\AP_Lab2\dataset\zebra\0854.jpg;dataset\zebra\0854.jpg;zebra
2093;D:\Programming\AP_Lab2\dataset\zebra\0855.jpg;dataset\zebra\0855.jpg;zebra
2094;D:\Programming\AP_Lab2\dataset\zebra\0856.jpg;dataset\zebra\0856.jpg;zebra
2095;D:\Programming\AP_Lab2\dataset\zebra\0857.jpg;dataset\zebra\0857.jpg;zebra
2096;D:\Programming\AP_Lab2\dataset\zebra\0858.jpg;dataset\zebra\0858.jpg;zebra
2097;D:\Programming\AP_Lab2\dataset\zebra\0859.jpg;dataset\zebra\0859.jpg;zebra
2098;D:\Programming\AP_Lab2\dataset\zebra\0860.jpg;dataset\zebra\0860.jpg;zebra
2099;D:\Programming\AP_Lab2\dataset\zebra\0861.jpg;dataset\zebra\0861.jpg;zebra
2100;D:\Programming\AP_Lab2\dataset\zebra\0862.jpg;dataset\zebra\0862.jpg;zebra
2101;D:\Programming\AP_Lab2\dataset\zebra\0863.jpg;dataset\zebra\0863.jpg;zebra
2102;D:\Programming\AP_Lab2\dataset\zebra\0864.jpg;dataset\zebra\0864.jpg;zebra
2103;D:\Programming\AP_Lab2\dataset\zebra\0865.jpg;dataset\zebra\0865.jpg;zebra
2104;D:\Programming\AP_Lab2\dataset\zebra\0866.jpg;dataset\zebra\0866.jpg;zebra
2105;D:\Programming\AP_Lab2\dataset\zebra\0867.jpg;dataset\zebra\0867.jpg;zebra
2106;D:\Programming\AP_Lab2\dataset\zebra\0868.jpg;dataset\zebra\0868.jpg;zebra
2107;D:\Programming\AP_Lab2\dataset\zebra\0869.jpg;dataset\zebra\0869.jpg;zebra
2108;D:\Programming\AP_Lab2\dataset\zebra\0870.jpg;dataset\zebra\0870.jpg;zebra
2109;D:\Programming\AP_Lab2\dataset\zebra\0871.jpg;dataset\zebra\0871.jpg;zebra
2110;D:\Programming\AP_Lab2\dataset\zebra\0872.jpg;dataset\zebra\0872.jpg;zebra
2111;D:\Programming\AP_Lab2\dataset\zebra\0873.jpg;dataset\zebra\0873.jpg;zebra
2112;D:\Programming\AP_Lab2\dataset\zebra\0874.jpg;dataset\zebra\0874.jpg;zebra
2113;D:\Programming\AP_Lab2\dataset\zebra\0875.jpg;dataset\zebra\0875.jpg;zebra
2114;D:\Programming\AP_Lab2\dataset\zebra\0876.jpg;dataset\zebra\0876.jpg;zebra
2115;D:\Programming\AP_Lab2\dataset\zebra\0877.jpg;dataset\zebra\0877.jpg;zebra
2116;D:\Programming\AP_Lab2\dataset\zebra\0878.jpg;dataset\zebra\0878.jpg;zebra
2117;D:\Programming\AP_Lab2\dataset\zebra\0879.jpg;dataset\zebra\0879.jpg;zebra
2118;D:\Programming\AP_Lab2\dataset\zebra\0880.jpg;dataset\zebra\0880.jpg;zebra
2119;D:\Programming\AP_Lab2\dataset\zebra\0881.jpg;dataset\zebra\0881.jpg;zebra
2120;D:\Programming\AP_Lab2\dataset\zebra\0882.jpg;dataset\zebra\0882.jpg;zebra
2121;D:\Programming\AP_Lab2\dataset\zebra\0883.jpg;dataset\zebra\0883.jpg;zebra
2122;D:\Programming\AP_Lab2\dataset\zebra\0884.jpg;dataset\zebra\0884.jpg;zebra
2123;D:\Programming\AP_Lab2\dataset\zebra\0885.jpg;dataset\zebra\0885.jpg;zebra
2124;D:\Programming\AP_Lab2\dataset\zebra\0886.jpg;dataset\zebra\0886.jpg;zebra
2125;D:\Programming\AP_Lab2\dataset\zebra\0887.jpg;dataset\zebra\0887.jpg;zebra
2126;D:\Programming\AP_Lab2\dataset\zebra\0888.jpg;dataset\zebra\0888.jpg;zebra
2127;D:\Programming\AP_Lab2\dataset\zebra\0889.jpg;dataset\zebra\0889.jpg;zebra
2128;D:\Programming\AP_Lab2\dataset\zebra\0890.jpg;dataset\zebra\0890.jpg;zebra
2129;D:\Programming\AP_Lab2\dataset\zebra\0891.jpg;dataset\zebra\0891.jpg;zebra
2130;D:\Programming\AP_Lab2\dataset\zebra\0892.jpg;dataset\zebra\0892.jpg;zebra
2131;D:\Programming\AP_Lab2\dataset\zebra\0893.jpg;dataset\zebra\0893.jpg;zebra
2132;D:\Programming\AP_Lab2\dataset\zebra\0894.jpg;dataset\zebra\0894.jpg;zebra
2133;D:\Programming\AP_Lab2\dataset\zebra\0895.jpg;dataset\zebra\0895.jpg;zebra
2134;D:\Programming\AP_Lab2\dataset\zebra\0896.jpg;dataset\zebra\0896.jpg;zebra
2135;D:\Programming\AP_Lab2\dataset\zebra\0897.jpg;dataset\zebra\0897.jpg;zebra
2136;D:\Programming\AP_Lab2\dataset\zebra\0898.jpg;dataset\zebra\0898.jpg;zebra
2137;D:\Programming\AP_Lab2\dataset\zebra\0899.jpg;dataset\zebra\0899.jpg;zebra
2138;D:\Programming\AP_Lab2\dataset\zebra\0900.jpg;dataset\zebra\0900.jpg;zebra
2139;D:\Programming\AP_Lab2\dataset\zebra\0901.jpg;dataset\zebra\0901.jpg;zebra
2140;D:\Programming\AP_Lab2\dataset\zebra\0902.jpg;dataset\zebra\0902.jpg;zebra
2141;D:\Programming\AP_Lab2\dataset\zebra\0903.jpg;dataset\zebra\0903.jpg;zebra
2142;D:\Programming\AP_Lab2\dataset\zebra\0904.jpg;dataset\zebra\0904.jpg;zebra
2143;D:\Programming\AP_Lab2\dataset\zebra\0905.jpg;dataset\zebra\0905.jpg;zebra
2144;D:\Programming\AP_Lab2\dataset\zebra\0906.jpg;dataset\zebra\0906.jpg;zebra
2145;D:\Programming\AP_Lab2\dataset\zebra\0907.jpg;dataset\zebra\0907.jpg;zebra
2146;D:\Programming\AP_Lab2\dataset\zebra\0908.jpg;dataset\zebra\0908.jpg;zebra
2147;D:\Programming\AP_Lab2\dataset\zebra\0909.jpg;dataset\zebra\0909.jpg;zebra
2148;D:\Programming\AP_Lab2\dataset\zebra\0910.jpg;dataset\zebra\0910.jpg;zebra
2149;D:\Programming\AP_Lab2\dataset\zebra\0911.jpg;dataset\zebra\0911.jpg;zebra
2150;D:\Programming\AP_Lab2\dataset\zebra\0912.jpg;dataset\zebra\0912.jpg;zebra
2151;D:\Programming\AP_Lab2\dataset\zebra\0913.jpg;dataset\zebra\0913.jpg;zebra
2152;D:\Programming\AP_Lab2\dataset\zebra\0914.jpg;dataset\zebra\0914.jpg;zebra
2153;D:\Programming\AP_Lab2\dataset\zebra\0915.jpg;dataset\zebra\0915.jpg;zebra
2154;D:\Programming\AP_Lab2\dataset\zebra\0916.jpg;dataset\zebra\0916.jpg;zebra
2155;D:\Programming\AP_Lab2\dataset\zebra\0917.jpg;dataset\zebra\0917.jpg;zebra
2156;D:\Programming\AP_Lab2\dataset\zebra\0918.jpg;dataset\zebra\0918.jpg;zebra
2157;D:\Programming\AP_Lab2\dataset\zebra\0919.jpg;dataset\zebra\0919.jpg;zebra
2158;D:\Programming\AP_Lab2\dataset\zebra\0920.jpg;dataset\zebra\0920.jpg;zebra
2159;D:\Programming\AP_Lab2\dataset\zebra\0921.jpg;dataset\zebra\0921.jpg;zebra
2160;D:\Programming\AP_Lab2\dataset\zebra\0922.jpg;dataset\zebra\0922.jpg;zebra
2161;D:\Programming\AP_Lab2\dataset\zebra\0923.jpg;dataset\zebra\0923.jpg;zebra
2162;D:\Programming\AP_Lab2\dataset\zebra\0924.jpg;dataset\zebra\0924.jpg;zebra
2163;D:\Programming\AP_Lab2\dataset\zebra\0925.jpg;dataset\zebra\0925.jpg;zebra
2164;D:\Programming\AP_Lab2\dataset\zebra\0926.jpg;dataset\zebra\0926.jpg;zebra
2165;D:\Programming\AP_Lab2\dataset\zebra\0927.jpg;dataset\zebra\0927.jpg;zebra
2166;D:\Programming\AP_Lab2\dataset\zebra\0928.jpg;dataset\zebra\0928.jpg;zebra
2167;D:\Programming\AP_Lab2\dataset\zebra\0929.jpg;dataset\zebra\0929.jpg;zebra
2168;D:\Programming\AP_Lab2\dataset\zebra\0930.jpg;dataset\zebra\0930.jpg;zebra
2169;D:\Programming\AP_Lab2\dataset\zebra\0931.jpg;dataset\zebra\0931.jpg;zebra
2170;D:\Programming\AP_Lab2\dataset\zebra\0932.jpg;dataset\zebra\0932.jpg;zebra
2171;D:\Programming\AP_Lab2\dataset\zebra\0933.jpg;dataset\zebra\0933.jpg;zebra
2172;D:\Programming\AP_Lab2\dataset\zebra\0934.jpg;dataset\zebra\0934.jpg;zebra
2173;D:\Programming\AP_Lab2\dataset\zebra\0935.jpg;dataset\zebra\0935.jpg;zebra
2174;D:\Programming\AP_Lab2\dataset\zebra\0936.jpg;dataset\zebra\0936.jpg;zebra
2175;D:\Programming\AP_Lab2\dataset\zebra\0937.jpg;dataset\zebra\0937.jpg;zebra
2176;D:\Programming\AP_Lab2\dataset\zebra\0938.jpg;dataset\zebra\0938.jpg;zebra
2177;D:\Programming\AP_Lab2\dataset\zebra\0939.jpg;dataset\zebra\0939.jpg;zebra
2178;D:\Programming\AP_Lab2\dataset\zebra\0940.jpg;dataset\zebra\0940.jpg;zebra
2179;D:\Programming\AP_Lab2\dataset\zebra\0941.jpg;dataset\zebra\0941.jpg;zebra
2180;D:\Programming\AP_Lab2\dataset\zebra\0942.jpg;dataset\zebra\0942.jpg;zebra
2181;D:\Programming\AP_Lab2\dataset\zebra\0943.jpg;dataset\zebra\0943.jpg;zebra
2182;D:\Programming\AP_Lab2\dataset\zebra\0944.jpg;dataset\zebra\0944.jpg;zebra
2183;D:\Programming\AP_Lab2\dataset\zebra\0945.jpg;dataset\zebra\0945.jpg;zebra
2184;D:\Programming\AP_Lab2\dataset\zebra\0946.jpg;dataset\zebra\0946.jpg;zebra
2185;D:\Programming\AP_Lab2\dataset\zebra\0947.jpg;dataset\zebra\0947.jpg;zebra
2186;D:\Programming\AP_Lab2\dataset\zebra\0948.jpg;dataset\zebra\0948.jpg;zebra
2187;D:\Programming\AP_Lab2\dataset\zebra\0949.jpg;dataset\zebra\0949.jpg;zebra
2188;D:\Programming\AP_Lab2\dataset\zebra\0950.jpg;dataset\zebra\0950.jpg;zebra
2189;D:\Programming\AP_Lab2\dataset\zebra\0951.jpg;dataset\zebra\0951.jpg;zebra
2190;D:\Programming\AP_Lab2\dataset\zebra\0952.jpg;dataset\zebra\0952.jpg;zebra
2191;D:\Programming\AP_Lab2\dataset\zebra\0953.jpg;dataset\zebra\0953.jpg;zebra
2192;D:\Programming\AP_Lab2\dataset\zebra\0954.jpg;dataset\zebra\0954.jpg;zebra
2193;D:\Programming\AP_Lab2\dataset\zebra\0955.jpg;dataset\zebra\0955.jpg;zebra
2194;D:\Programming\AP_Lab2\dataset\zebra\0956.jpg;dataset\zebra\0956.jpg;zebra
2195;D:\Programming\AP_Lab2\dataset\zebra\0957.jpg;dataset\zebra\0957.jpg;zebra
2196;D:\Programming\AP_Lab2\dataset\zebra\0958.jpg;dataset\zebra\0958.jpg;zebra
2197;D:\Programming\AP_Lab2\dataset\zebra\0959.jpg;dataset\zebra\0959.jpg;zebra
2198;D:\Programming\AP_Lab2\dataset\zebra\0960.jpg;dataset\zebra\0960.jpg;zebra
2199;D:\Programming\AP_Lab2\dataset\zebra\0961.jpg;dataset\zebra\0961.jpg;zebra
2200;D:\Programming\AP_Lab2\dataset\zebra\0962.jpg;dataset\zebra\0962.jpg;zebra
2201;D:\Programming\AP_Lab2\dataset\zebra\0963.jpg;dataset\zebra\0963.jpg;zebra
2202;D:\Programming\AP_Lab2\dataset\zebra\0964.jpg;dataset\zebra\0964.jpg;zebra
2203;D:\Programming\AP_Lab2\dataset\zebra\0965.jpg;dataset\zebra\0965.jpg;zebra
2204;D:\Programming\AP_Lab2\dataset\zebra\0966.jpg;dataset\zebra\0966.jpg;zebra
2205;D:\Programming\AP_Lab2\dataset\zebra\0967.jpg;dataset\zebra\0967.jpg;zebra
2206;D:\Programming\AP_Lab2\dataset\zebra\0968.jpg;dataset\zebra\0968.jpg;zebra
2207;D:\Programming\AP_Lab2\dataset\zebra\0969.jpg;dataset\zebra\0969.jpg;zebra
2208;D:\Programming\AP_Lab2\dataset\zebra\0970.jpg;dataset\zebra\0970.jpg;zebra
2209;D:\Programming\AP_Lab2\dataset\zebra\0971.jpg;dataset\zebra\0971.jpg;zebra
2210;D:\Programming\AP_Lab2\dataset\zebra\0972.jpg;dataset\zebra\0972.jpg;zebra
2211;D:\Programming\AP_Lab2\dataset\zebra\0973.jpg;dataset\zebra\0973.jpg;zebra
2212;D:\Programming\AP_Lab2\dataset\zebra\0974.jpg;dataset\zebra\0974.jpg;zebra
2213;D:\Programming\AP_Lab2\dataset\zebra\0975.jpg;dataset\zebra\0975.jpg;zebra
2214;D:\Programming\AP_Lab2\dataset\zebra\0976.jpg;dataset\zebra\0976.jpg;zebra
2215;D:\Programming\AP_Lab2\dataset\zebra\0977.jpg;dataset\zebra\0977.jpg;zebra
2216;D:\Programming\AP_Lab2\dataset\zebra\0978.jpg;dataset\zebra\0978.jpg;zebra
2217;D:\Programming\AP_Lab2\dataset\zebra\0979.jpg;dataset\zebra\0979.jpg;zebra
2218;D:\Programming\AP_Lab2\dataset\zebra\0980.jpg;dataset\zebra\0980.jpg;zebra
2219;D:\Programming\AP_Lab2\dataset\zebra\0981.jpg;dataset\zebra\0981.jpg;zebra
2220;D:\Programming\AP_Lab2\dataset\zebra\0982.jpg;dataset\zebra\0982.jpg;zebra
2221;D:\Programming\AP_Lab2\dataset\zebra\0983.jpg;dataset\zebra\0983.jpg;zebra
2222;D:\Programming\AP_Lab2\dataset\zebra\0984.jpg;dataset\zebra\0984.jpg;zebra
2223;D:\Programming\AP_Lab2\dataset\zebra\0985.jpg;dataset\zebra\0985.jpg;zebra
2224;D:\Programming\AP_Lab2\dataset\zebra\0986.jpg;dataset\zebra\0986.jpg;zebra
2225;D:\Programming\AP_Lab2\dataset\zebra\0987.jpg;dataset\zebra\0987.jpg;zebra
2226;D:\Programming\AP_Lab2\dataset\zebra\0988.jpg;dataset\zebra\0988.jpg;zebra
2227;D:\Programming\AP_Lab2\dataset\zebra\0989.jpg;dataset\zebra\0989.jpg;zebra
2228;D:\Programming\AP_Lab2\dataset\zebra\0990.jpg;dataset\zebra\0990.jpg;zebra
2229;D:\Programming\AP_Lab2\dataset\zebra\0991.jpg;dataset\zebra\0991.jpg;zebra
2230;D:\Programming\AP_Lab2\dataset\zebra\0992.jpg;dataset\zebra\0992.jpg;zebra
2231;D:\Programming\AP_Lab2\dataset\zebra\0993.jpg;dataset\zebra\0993.jpg;zebra
2232;D:\Programming\AP_Lab2\dataset\zebra\0994.jpg;dataset\zebra\0994.jpg;zebra
2233;D:\Programming\AP_Lab2\dataset\zebra\0995.jpg;dataset\zebra\0995.jpg;zebra
2234;D:\Programming\AP_Lab2\dataset\zebra\0996.jpg;dataset\zebra\0996.jpg;zebra
2235;D:\Programming\AP_Lab2\dataset\zebra\0997.jpg;dataset\zebra\0997.jpg;zebra
2236;D:\Programming\AP_Lab2\dataset\zebra\0998.jpg;dataset\zebra\0998.jpg;zebra
2237;D:\Programming\AP_Lab2\dataset\zebra\0999.jpg;dataset\zebra\0999.jpg;zebra
2238;D:\Programming\AP_Lab2\dataset\zebra\1000.jpg;dataset\zebra\1000.jpg;zebra
2239;D:\Programming\AP_Lab2\dataset\zebra\1001.jpg;dataset\zebra\1001.jpg;zebra
2240;D:\Programming\AP_Lab2\dataset\zebra\1002.jpg;dataset\zebra\1002.jpg;zebra
2241;D:\Programming\AP_Lab2\dataset\zebra\1003.jpg;dataset\zebra\1003.jpg;zebra
2242;D:\Programming\AP_Lab2\dataset\zebra\1004.jpg;dataset\zebra\1004.jpg;zebra
2243;D:\Programming\AP_Lab2\dataset\zebra\1005.jpg;dataset\zebra\1005.jpg;zebra
2244;D:\Programming\AP_Lab2\dataset\zebra\1006.jpg;dataset\zebra\1006.jpg;zebra
2245;D:\Programming\AP_Lab2\dataset\zebra\1007.jpg;dataset\zebra\1007.jpg;zebra
2246;D:\Programming\AP_Lab2\dataset\zebra\1008.jpg;dataset\zebra\1008.jpg;zebra
2247;D:\Programming\AP_Lab2\dataset\zebra\1009.jpg;dataset\zebra\1009.jpg;zebra
2248;D:\Programming\AP_Lab2\dataset\zebra\1010.jpg;dataset\zebra\1010.jpg;zebra
2249;D:\Programming\AP_Lab2\dataset\zebra\1011.jpg;dataset\zebra\1011.jpg;zebra
2250;D:\Programming\AP_Lab2\dataset\zebra\1012.jpg;dataset\zebra\1012.jpg;zebra
2251;D:\Programming\AP_Lab2\dataset\zebra\1013.jpg;dataset\zebra\1013.jpg;zebra
2252;D:\Programming\AP_Lab2\dataset\zebra\1014.jpg;dataset\zebra\1014.jpg;zebra
2253;D:\Programming\AP_Lab2\dataset\zebra\1015.jpg;dataset\zebra\1015.jpg;zebra
2254;D:\Programming\AP_Lab2\dataset\zebra\1016.jpg;dataset\zebra\1016.jpg;zebra
2255;D:\Programming\AP_Lab2\dataset\zebra\1017.jpg;dataset\zebra\1017.jpg;zebra
2256;D:\Programming\AP_Lab2\dataset\zebra\1018.jpg;dataset\zebra\1018.jpg;zebra
2257;D:\Programming\AP_Lab2\dataset\zebra\1019.jpg;dataset\zebra\1019.jpg;zebra
2258;D:\Programming\AP_Lab2\dataset\zebra\1020.jpg;dataset\zebra\1020.jpg;zebra
2259;D:\Programming\AP_Lab2\dataset\zebra\1021.jpg;dataset\zebra\1021.jpg;zebra
2260;D:\Programming\AP_Lab2\dataset\zebra\1022.jpg;dataset\zebra\1022.jpg;zebra
2261;D:\Programming\AP_Lab2\dataset\zebra\1023.jpg;dataset\zebra\1023.jpg;zebra
2262;D:\Programming\AP_Lab2\dataset\zebra\1024.jpg;dataset\zebra\1024.jpg;zebra
2263;D:\Programming\AP_Lab2\dataset\zebra\1025.jpg;dataset\zebra\1025.jpg;zebra
2264;D:\Programming\AP_Lab2\dataset\zebra\1026.jpg;dataset\zebra\1026.jpg;zebra
2265;D:\Programming\AP_Lab2\dataset\zebra\1027.jpg;dataset\zebra\1027.jpg;zebra
2266;D:\Programming\AP_Lab2\dataset\zebra\1028.jpg;dataset\zebra\1028.jpg;zebra
2267;D:\Programming\AP_Lab2\dataset\zebra\1029.jpg;dataset\zebra\1029.jpg;zebra
2268;D:\Programming\AP_Lab2\dataset\zebra\1030.jpg;dataset\zebra\1030.jpg;zebra
2269;D:\Programming\AP_Lab2\dataset\zebra\1031.jpg;dataset\zebra\1031.jpg;zebra
2270;D:\Programming\AP_Lab2\dataset\zebra\1032.jpg;dataset\zebra\1032.jpg;zebra
2271;D:\Programming\AP_Lab2\dataset\zebra\1033.jpg;dataset\zebra\1033.jpg;zebra
2272;D:\Programming\AP_Lab2\dataset\zebra\1034.jpg;dataset\zebra\1034.jpg;zebra
2273;D:\Programming\AP_Lab2\dataset\zebra\1035.jpg;dataset\zebra\1035.jpg;zebra
2274;D:\Programming\AP_Lab2\dataset\zebra\1036.jpg;dataset\zebra\1036.jpg;zebra
2275;D:\Programming\AP_Lab2\dataset\zebra\1037.jpg;dataset\zebra\1037.jpg;zebra
2276;D:\Programming\AP_Lab2\dataset\zebra\1038.jpg;dataset\zebra\1038.jpg;zebra
2277;D:\Programming\AP_Lab2\dataset\zebra\1039.jpg;dataset\zebra\1039.jpg;zebra
2278;D:\Programming\AP_Lab2\dataset\zebra\1040.jpg;dataset\zebra\1040.jpg;zebra
2279;D:\Programming\AP_Lab2\dataset\zebra\1041.jpg;dataset\zebra\1041.jpg;zebra
2280;D:\Programming\AP_Lab2\dataset\zebra\1042.jpg;dataset\zebra\1042.jpg;zebra
2281;D:\Programming\AP_Lab2\dataset\zebra\1043.jpg;dataset\zebra\1043.jpg;zebra
2282;D:\Programming\AP_Lab2\dataset\zebra\1044.jpg;dataset\zebra\1044.jpg;zebra
2283;D:\Programming\AP_Lab2\dataset\zebra\1045.jpg;dataset\zebra\1045.jpg;zebra
2284;D:\Programming\AP_Lab2\dataset\zebra\1046.jpg;dataset\zebra\1046.jpg;zebra
2285;D:\Programming\AP_Lab2\dataset\zebra\1047.jpg;dataset\zebra\1047.jpg;zebra
2286;D:\Programming\AP_Lab2\dataset\zebra\1048.jpg;dataset\zebra\1048.jpg;zebra
2287;D:\Programming\AP_Lab2\dataset\zebra\1049.jpg;dataset\zebra\1049.jpg;zebra
2288;D:\Programming\AP_Lab2\dataset\zebra\1050.jpg;dataset\zebra\1050.jpg;zebra
2289;D:\Programming\AP_Lab2\dataset\zebra\1051.jpg;dataset\zebra\1051.jpg;zebra
2290;D:\Programming\AP_Lab2\dataset\zebra\1052.jpg;dataset\zebra\1052.jpg;zebra
2291;D:\Programming\AP_Lab2\dataset\zebra\1053.jpg;dataset\zebra\1053.jpg;zebra
2292;D:\Programming\AP_Lab2\dataset\zebra\1054.jpg;dataset\zebra\1054.jpg;zebra
2293;D:\Programming\AP_Lab2\dataset\zebra\1055.jpg;dataset\zebra\1055.jpg;zebra
2294;D:\Programming\AP_Lab2\dataset\zebra\1056.jpg;dataset\zebra\1056.jpg;zebra
2295;D:\Programming\AP_Lab2\dataset\zebra\1057.jpg;dataset\zebra\1057.jpg;zebra
2296;D:\Programming\AP_Lab2\dataset\zebra\1058.jpg;dataset\zebra\1058.jpg;zebra
2297;D:\Programming\AP_Lab2\dataset\zebra\1059.jpg;dataset\zebra\1059.jpg;zebra
2298;D:\Programming\AP_Lab2\dataset\zebra\1060.jpg;dataset\zebra\1060.jpg;zebra
2299;D:\Programming\AP_Lab2\dataset\zebra\1061.jpg;dataset\zebra\1061.jpg;zebra
2300;D:\Programming\AP_Lab2\dataset\zebra\1062.jpg;dataset\zebra\1062.jpg;zebra
2301;D:\Programming\AP_Lab2\dataset\zebra\1063.jpg;dataset\zebra\1063.jpg;zebra
2302;D:\Programming\AP_Lab2\dataset\zebra\1064.jpg;dataset\zebra\1064.jpg;zebra
2303;D:\Programming\AP_Lab2\dataset\zebra\1065.jpg;dataset\zebra\1065.jpg;zebra
2304;D:\Programming\AP_Lab2\dataset\zebra\1066.jpg;dataset\zebra\1066.jpg;zebra
2305;D:\Programming\AP_Lab2\dataset\zebra\1067.jpg;dataset\zebra\1067.jpg;zebra
2306;D:\Programming\AP_Lab2\dataset\zebra\1068.jpg;dataset\zebra\1068.jpg;zebra
2307;D:\Programming\AP_Lab2\dataset\zebra\1069.jpg;dataset\zebra\1069.jpg;zebra
2308;D:\Programming\AP_Lab2\dataset\zebra\1070.jpg;dataset\zebra\1070.jpg;zebra
2309;D:\Programming\AP_Lab2\dataset\zebra\1071.jpg;dataset\zebra\1071.jpg;zebra
2310;D:\Programming\AP_Lab2\dataset\zebra\1072.jpg;dataset\zebra\1072.jpg;zebra
2311;D:\Programming\AP_Lab2\dataset\zebra\1073.jpg;dataset\zebra\1073.jpg;zebra
2312;D:\Programming\AP_Lab2\dataset\zebra\1074.jpg;dataset\zebra\1074.jpg;zebra
2313;D:\Programming\AP_Lab2\dataset\zebra\1075.jpg;dataset\zebra\1075.jpg;zebra
2314;D:\Programming\AP_Lab2\dataset\zebra\1076.jpg;dataset\zebra\1076.jpg;zebra
2315;D:\Programming\AP_Lab2\dataset\zebra\1077.jpg;dataset\zebra\1077.jpg;zebra
2316;D:\Programming\AP_Lab2\dataset\zebra\1078.jpg;dataset\zebra\1078.jpg;zebra
2317;D:\Programming\AP_Lab2\dataset\zebra\1079.jpg;dataset\zebra\1079.jpg;zebra
2318;D:\Programming\AP_Lab2\dataset\zebra\1080.jpg;dataset\zebra\1080.jpg;zebra
2319;D:\Programming\AP_Lab2\dataset\zebra\1081.jpg;dataset\zebra\1081.jpg;zebra
2320;D:\Programming\AP_Lab2\dataset\zebra\1082.jpg;dataset\zebra\1082.jpg;zebra
2321;D:\Programming\AP_Lab2\dataset\zebra\1083.jpg;dataset\zebra\1083.jpg;zebra
2322;D:\Programming\AP_Lab2\dataset\zebra\1084.jpg;dataset\zebra\1084.jpg;zebra
2323;D:\Programming\AP_Lab2\dataset\zebra\1085.jpg;dataset\zebra\1085.jpg;zebra
2324;D:\Programming\AP_Lab2\dataset\zebra\1086.jpg;dataset\zebra\1086.jpg;zebra
2325;D:\Programming\AP_Lab2\dataset\zebra\1087.jpg;dataset\zebra\1087.jpg;zebra
2326;D:\Programming\AP_Lab2\dataset\zebra\1088.jpg;dataset\zebra\1088.jpg;zebra
2327;D:\Programming\AP_Lab2\dataset\zebra\1089.jpg;dataset\zebra\1089.jpg;zebra
2328;D:\Programming\AP_Lab2\dataset\zebra\1090.jpg;dataset\zebra\1090.jpg;zebra
2329;D:\Programming\AP_Lab2\dataset\zebra\1091.jpg;dataset\zebra\1091.jpg;zebra
2330;D:\Programming\AP_Lab2\dataset\zebra\1092.jpg;dataset\zebra\1092.jpg;zebra
2331;D:\Programming\AP_Lab2\dataset\zebra\1093.jpg;dataset\zebra\1093.jpg;zebra
2332;D:\Programming\AP_Lab2\dataset\zebra\1094.jpg;dataset\zebra\1094.jpg;zebra
2333;D:\Programming\AP_Lab2\dataset\zebra\1095.jpg;dataset\zebra\1095.jpg;zebra
2334;D:\Programming\AP_Lab2\dataset\zebra\1096.jpg;dataset\zebra\1096.jpg;zebra
2335;D:\Programming\AP_Lab2\dataset\zebra\1097.jpg;dataset\zebra\1097.jpg;zebra
2336;D:\Programming\AP_Lab2\dataset\zebra\1098.jpg;dataset\zebra\1098.jpg;zebra
2337;D:\Programming\AP_Lab2\dataset\zebra\1099.jpg;dataset\zebra\1099.jpg;zebra
2338;D:\Programming\AP_Lab2\dataset\zebra\1100.jpg;dataset\zebra\1100.jpg;zebra
2339;D:\Programming\AP_Lab2\dataset\zebra\1101.jpg;dataset\zebra\1101.jpg;zebra
2340;D:\Programming\AP_Lab2\dataset\zebra\1102.jpg;dataset\zebra\1102.jpg;zebra
2341;D:\Programming\AP_Lab2\dataset\zebra\1103.jpg;dataset\zebra\1103.jpg;zebra
2342;D:\Programming\AP_Lab2\dataset\zebra\1104.jpg;dataset\zebra\1104.jpg;zebra
2343;D:\Programming\AP_Lab2\dataset\zebra\1105.jpg;dataset\zebra\1105.jpg;zebra
2344;D:\Programming\AP_Lab2\dataset\zebra\1106.jpg;dataset\zebra\1106.jpg;zebra
2345;D:\Programming\AP_Lab2\dataset\zebra\1107.jpg;dataset\zebra\1107.jpg;zebra
2346;D:\Programming\AP_Lab2\dataset\zebra\1108.jpg;dataset\zebra\1108.jpg;zebra
2347;D:\Programming\AP_Lab2\dataset\zebra\1109.jpg;dataset\zebra\1109.jpg;zebra
2348;D:\Programming\AP_Lab2\dataset\zebra\1110.jpg;dataset\zebra\1110.jpg;zebra
2349;D:\Programming\AP_Lab2\dataset\zebra\1111.jpg;dataset\zebra\1111.jpg;zebra
2350;D:\Programming\AP_Lab2\dataset\zebra\1112.jpg;dataset\zebra\1112.jpg;zebra
2351;D:\Programming\AP_Lab2\dataset\zebra\1113.jpg;dataset\zebra\1113.jpg;zebra
2352;D:\Programming\AP_Lab2\dataset\zebra\1114.jpg;dataset\zebra\1114.jpg;zebra
2353;D:\Programming\AP_Lab2\dataset\zebra\1115.jpg;dataset\zebra\1115.jpg;zebra
2354;D:\Programming\AP_Lab2\dataset\zebra\1116.jpg;dataset\zebra\1116.jpg;zebra
2355;D:\Programming\AP_Lab2\dataset\zebra\1117.jpg;dataset\zebra\1117.jpg;zebra
2356;D:\Programming\AP_Lab2\dataset\zebra\1118.jpg;dataset\zebra\1118.jpg;zebra
2357;D:\Programming\AP_Lab2\dataset\zebra\1119.jpg;dataset\zebra\1119.jpg;zebra
2358;D:\Programming\AP_Lab2\dataset\zebra\1120.jpg;dataset\zebra\1120.jpg;zebra
2359;D:\Programming\AP_Lab2\dataset\zebra\1121.jpg;dataset\zebra\1121.jpg;zebra
2360;D:\Programming\AP_Lab2\dataset\zebra\1122.jpg;dataset\zebra\1122.jpg;zebra
2361;D:\Programming\AP_Lab2\dataset\zebra\1123.jpg;dataset\zebra\1123.jpg;zebra
2362;D:\Programming\AP_Lab2\dataset\zebra\1124.jpg;dataset\zebra\1124.jpg;zebra
2363;D:\Programming\AP_Lab2\dataset\zebra\1125.jpg;dataset\zebra\1125.jpg;zebra
2364;D:\Programming\AP_Lab2\dataset\zebra\1126.jpg;dataset\zebra\1126.jpg;zebra
2365;D:\Programming\AP_Lab2\dataset\zebra\1127.jpg;dataset\zebra\1127.jpg;zebra
2366;D:\Programming\AP_Lab2\dataset\zebra\1128.jpg;dataset\zebra\1128.jpg;zebra
2367;D:\Programming\AP_Lab2\dataset\zebra\1129.jpg;dataset\zebra\1129.jpg;zebra
2368;D:\Programming\AP_Lab2\dataset\zebra\1130.jpg;dataset\zebra\1130.jpg;zebra
2369;D:\Programming\AP_Lab2\dataset\zebra\1131.jpg;dataset\zebra\1131.jpg;zebra
2370;D:\Programming\AP_Lab2\dataset\zebra\1132.jpg;dataset\zebra\1132.jpg;zebra
2371;D:\Programming\AP_Lab2\dataset\zebra\1133.jpg;dataset\zebra\1133.jpg;zebra
2372;D:\Programming\AP_Lab2\dataset\zebra\1134.jpg;dataset\zebra\1134.jpg;zebra
2373;D:\Programming\AP_Lab2\dataset\zebra\1135.jpg;dataset\zebra\1135.jpg;zebra
2374;D:\Programming\AP_Lab2\dataset\zebra\1136.jpg;dataset\zebra\1136.jpg;zebra
2375;D:\Programming\AP_Lab2\dataset\zebra\1137.jpg;dataset\zebra\1137.jpg;zebra
2376;D:\Programming\AP_Lab2\dataset\zebra\1138.jpg;dataset\zebra\1138.jpg;zebra
2377;D:\Programming\AP_Lab2\dataset\zebra\1139.jpg;dataset\zebra\1139.jpg;zebra
2378;D:\Programming\AP_Lab2\dataset\zebra\1140.jpg;dataset\zebra\1140.jpg;zebra
2379;D:\Programming\AP_Lab2\dataset\zebra\1141.jpg;dataset\zebra\1141.jpg;zebra
2380;D:\Programming\AP_Lab2\dataset\zebra\1142.jpg;dataset\zebra\1142.jpg;zebra
2381;D:\Programming\AP_Lab2\dataset\zebra\1143.jpg;dataset\zebra\1143.jpg;zebra
2382;D:\Programming\AP_Lab2\dataset\zebra\1144.jpg;dataset\zebra\1144.jpg;zebra
2383;D:\Programming\AP_Lab2\dataset\zebra\1145.jpg;dataset\zebra\1145.jpg;zebra
2384;D:\Programming\AP_Lab2\dataset\zebra\1146.jpg;dataset\zebra\1146.jpg;zebra
2385;D:\Programming\AP_Lab2\dataset\zebra\1147.jpg;dataset\zebra\1147.jpg;zebra
2386;D:\Programming\AP_Lab2\dataset\zebra\1148.jpg;dataset\zebra\1148.jpg;zebra
2387;D:\Programming\AP_Lab2\dataset\zebra\1149.jpg;dataset\zebra\1149.jpg;zebra
2388;D:\Programming\AP_Lab2\dataset\zebra\1150.jpg;dataset\zebra\1150.jpg;zebra
2389;D:\Programming\AP_Lab2\dataset\zebra\1151.jpg;dataset\zebra\1151.jpg;zebra
2390;D:\Programming\AP_Lab2\dataset\zebra\1152.jpg;dataset\zebra\1152.jpg;zebra
2391;D:\Programming\AP_Lab2\dataset\zebra\1153.jpg;dataset\zebra\1153.jpg;zebra
2392;D:\Programming\AP_Lab2\dataset\zebra\1154.jpg;dataset\zebra\1154.jpg;zebra
2393;D:\Programming\AP_Lab2\dataset\zebra\1155.jpg;dataset\zebra\1155.jpg;zebra
2394;D:\Programming\AP_Lab2\dataset\zebra\1156.jpg;dataset\zebra\1156.jpg;zebra
2395;D:\Programming\AP_Lab2\dataset\zebra\1157.jpg;dataset\zebra\1157.jpg;zebra
2396;D:\Programming\AP_Lab2\dataset\zebra\1158.jpg;dataset\zebra\1158.jpg;zebra
2397;D:\Programming\AP_Lab2\dataset\zebra\1159.jpg;dataset\zebra\1159.jpg;zebra
2398;D:\Programming\AP_Lab2\dataset\zebra\1160.jpg;dataset\zebra\1160.jpg;zebra
2399;D:\Programming\AP_Lab2\dataset\zebra\1161.jpg;dataset\zebra\1161.jpg;zebra
2400;D:\Programming\AP_Lab2\dataset\zebra\1162.jpg;dataset\zebra\1162.jpg;zebra
2401;D:\Programming\AP_Lab2\dataset\zebra\1163.jpg;dataset\zebra\1163.jpg;zebra
2402;D:\Programming\AP_Lab2\dataset\zebra\1164.jpg;dataset\zebra\1164.jpg;zebra
2403;D:\Programming\AP_Lab2\dataset\zebra\1165.jpg;dataset\zebra\1165.jpg;zebra
2404;D:\Programming\AP_Lab2\dataset\zebra\1166.jpg;dataset\zebra\1166.jpg;zebra
2405;D:\Programming\AP_Lab2\dataset\zebra\1167.jpg;dataset\zebra\1167.jpg;zebra
2406;D:\Programming\AP_Lab2\dataset\zebra\1168.jpg;dataset\zebra\1168.jpg;zebra
2407;D:\Programming\AP_Lab2\dataset\zebra\1169.jpg;dataset\zebra\1169.jpg;zebra
2408;D:\Programming\AP_Lab2\dataset\zebra\1170.jpg;dataset\zebra\1170.jpg;zebra
2409;D:\Programming\AP_Lab2\dataset\zebra\1171.jpg;dataset\zebra\1171.jpg;zebra
2410;D:\Programming\AP_Lab2\dataset\zebra\1172.jpg;dataset\zebra\1172.jpg;zebra
2411;D:\Programming\AP_Lab2\dataset\zebra\1173.jpg;dataset\zebra\1173.jpg;zebra
2412;D:\Programming\AP_Lab2\dataset\zebra\1174.jpg;dataset\zebra\1174.jpg;zebra
2413;D:\Programming\AP_Lab2\dataset\zebra\1175.jpg;dataset\zebra\1175.jpg;zebra
2414;D:\Programming\AP_Lab2\dataset\zebra\1176.jpg;dataset\zebra\1176.jpg;zebra
2415;D:\Programming\AP_Lab2\dataset\zebra\1177.jpg;dataset\zebra\1177.jpg;zebra
2416;D:\Programming\AP_Lab2\dataset\zebra\1178.jpg;dataset\zebra\1178.jpg;zebra
2417;D:\Programming\AP_Lab2\dataset\zebra\1179.jpg;dataset\zebra\1179.jpg;zebra
2418;D:\Programming\AP_Lab2\dataset\zebra\1180.jpg;dataset\zebra\1180.jpg;zebra
2419;D:\Programming\AP_Lab2\dataset\zebra\1181.jpg;dataset\zebra\1181.jpg;zebra
2420;D:\Programming\AP_Lab2\dataset\zebra\1182.jpg;dataset\zebra\1182.jpg;zebra
2421;D:\Programming\AP_Lab2\dataset\zebra\1183.jpg;dataset\zebra\1183.jpg;zebra
2422;D:\Programming\AP_Lab2\dataset\zebra\1184.jpg;dataset\zebra\1184.jpg;zebra
2423;D:\Programming\AP_Lab2\dataset\zebra\1185.jpg;dataset\zebra\1185.jpg;zebra
2424;D:\Programming\AP_Lab2\dataset\zebra\1186.jpg;dataset\zebra\1186.jpg;zebra
2425;D:\Programming\AP_Lab2\dataset\zebra\1187.jpg;dataset\zebra\1187.jpg;zebra
2426;D:\Programming\AP_Lab2\dataset\zebra\1188.jpg;dataset\zebra\1188.jpg;zebra
2427;D:\Programming\AP_Lab2\dataset\zebra\1189.jpg;dataset\zebra\1189.jpg;zebra
2428;D:\Programming\AP_Lab2\dataset\zebra\1190.jpg;dataset\zebra\1190.jpg;zebra
2429;D:\Programming\AP_Lab2\dataset\zebra\1191.jpg;dataset\zebra\1191.jpg;zebra
2430;D:\Programming\AP_Lab2\dataset\zebra\1192.jpg;dataset\zebra\1192.jpg;zebra
2431;D:\Programming\AP_Lab2\dataset\zebra\1193.jpg;dataset\zebra\1193.jpg;zebra
2432;D:\Programming\AP_Lab2\dataset\zebra\1194.jpg;dataset\zebra\1194.jpg;zebra
2433;D:\Programming\AP_Lab2\dataset\zebra\1195.jpg;dataset\zebra\1195.jpg;zebra
2434;D:\Programming\AP_Lab2\dataset\zebra\1196.jpg;dataset\zebra\1196.jpg;zebra
2435;D:\Programming\AP_Lab2\dataset\zebra\1197.jpg;dataset\zebra\1197.jpg;zebra
2436;D:\Programming\AP_Lab2\dataset\zebra\1198.jpg;dataset\zebra\1198.jpg;zebra
2437;D:\Programming\AP_Lab2\dataset\zebra\1199.jpg;dataset\zebra\1199.jpg;zebra
2438;D:\Programming\AP_Lab2\dataset\zebra\1200.jpg;dataset\zebra\1200.jpg;zebra
2439;D:\Programming\AP_Lab2\dataset\zebra\1201.jpg;dataset\zebra\1201.jpg;zebra
2440;D:\Programming\AP_Lab2\dataset\zebra\1202.jpg;dataset\zebra\1202.jpg;zebra
2441;D:\Programming\AP_Lab2\dataset\zebra\1203.jpg;dataset\zebra\1203.jpg;zebra
2442;D:\Programming\AP_Lab2\dataset\zebra\1204.jpg;dataset\zebra\1204.jpg;zebra
2443;D:\Programming\AP_Lab2\dataset\zebra\1205.jpg;dataset\zebra\1205.jpg;zebra
2444;D:\Programming\AP_Lab2\dataset\zebra\1206.jpg;dataset\zebra\1206.jpg;zebra
2445;D:\Programming\AP_Lab2\dataset\zebra\1207.jpg;dataset\zebra\1207.jpg;zebra
2446;D:\Programming\AP_Lab2\dataset\zebra\1208.jpg;dataset\zebra\1208.jpg;zebra
2447;D:\Programming\AP_Lab2\dataset\zebra\1209.jpg;dataset\zebra\1209.jpg;zebra
2448;D:\Programming\AP_Lab2\dataset\zebra\1210.jpg;dataset\zebra\1210.jpg;zebra
2449;D:\Programming\AP_Lab2\dataset\zebra\1211.jpg;dataset\zebra\1211.jpg;zebra
2450;D:\Programming\AP_Lab2\dataset\zebra\1212.jpg;dataset\zebra\1212.jpg;zebra
2451;D:\Programming\AP_Lab2\dataset\zebra\1213.jpg;dataset\zebra\1213.jpg;zebra
2452;D:\Programming\AP_Lab2\dataset\zebra\1214.jpg;dataset\zebra\1214.jpg;zebra
2453;D:\Programming\AP_Lab2\dataset\zebra\1215.jpg;dataset\zebra\1215.jpg;zebra
